profile	scenario	n	our_rmse_mean	our_rmse_std	nature_rmse_mean	nature_rmse_std	rmse_delta_mean	rmse_delta_std	our_r2_mean	our_r2_std	nature_r2_mean	nature_r2_std	r2_delta_mean	r2_delta_std	our_wrong_mean	our_wrong_std	our_ungated_wrong_mean	our_ungated_wrong_std	gate_wrong_delta_mean	gate_wrong_delta_std	nature_wrong_mean	nature_wrong_std	wrong_delta_mean	wrong_delta_std	our_retained_mean	our_retained_std	our_ungated_retained_mean	our_ungated_retained_std	gate_retained_delta_mean	gate_retained_delta_std	gate_retained_ratio_mean	gate_retained_ratio_std	nature_retained_mean	nature_retained_std	retained_delta_mean	retained_delta_std	ungated_retained_delta_mean	ungated_retained_delta_std	mean_gate_mean	mean_gate_std	cl_net_moment_rms_reduction_ratio_mean	cl_net_moment_rms_reduction_ratio_std	cl_abs_work_reduction_ratio_mean	cl_abs_work_reduction_ratio_std	cl_fight_fraction_mean	cl_fight_fraction_std
human	test_id/clean	40.0000	0.1855	0.0232	0.1606	0.0078	0.0249	0.0238	0.7483	0.0441	0.8094	0.0282	-0.0611	0.0562	0.0830	0.0177	0.0834	0.0179	-0.0004	0.0006	0.0571	0.0071	0.0259	0.0177	0.7566	0.0734	0.7776	0.0682	-0.0210	0.0163	0.9723	0.0238	0.9433	0.0386	-0.1868	0.0691	-0.1657	0.0629	0.9847	0.0113	0.1016	0.0106	0.1045	0.0101	0.1988	0.0207
human	test_id/encoder_dropout	37.0000	0.2392	0.0364	0.2969	0.0214	-0.0577	0.0367	0.5753	0.1352	0.3602	0.0320	0.2151	0.1424	0.1308	0.0452	0.1367	0.0425	-0.0059	0.0077	0.1865	0.0143	-0.0557	0.0470	0.4688	0.1076	0.5825	0.1140	-0.1137	0.1117	0.8208	0.1679	0.5666	0.0532	-0.0979	0.1241	0.0158	0.1148	0.9064	0.0894	0.0567	0.0167	0.0634	0.0172	0.2369	0.0353
human	test_id/imu_bias	37.0000	0.1872	0.0237	0.1674	0.0076	0.0198	0.0246	0.7448	0.0442	0.7938	0.0316	-0.0490	0.0593	0.0844	0.0182	0.0849	0.0184	-0.0005	0.0007	0.0624	0.0078	0.0220	0.0184	0.7411	0.0730	0.7595	0.0674	-0.0185	0.0155	0.9750	0.0233	0.9418	0.0433	-0.2008	0.0726	-0.1823	0.0663	0.9855	0.0114	0.0990	0.0107	0.1016	0.0100	0.2015	0.0214
human	test_id/insole_missing	37.0000	0.2219	0.0282	0.2671	0.0201	-0.0451	0.0249	0.6377	0.0879	0.4821	0.0283	0.1555	0.0873	0.1128	0.0360	0.1144	0.0351	-0.0017	0.0023	0.1870	0.0288	-0.0742	0.0466	0.5325	0.0944	0.5996	0.1033	-0.0671	0.0698	0.8954	0.1079	0.4272	0.0231	0.1053	0.0941	0.1724	0.1000	0.9460	0.0578	0.0686	0.0156	0.0804	0.0126	0.2186	0.0319
human	test_id/packet_loss	37.0000	0.1868	0.0237	0.1617	0.0081	0.0250	0.0242	0.7459	0.0452	0.8075	0.0295	-0.0616	0.0575	0.0837	0.0181	0.0842	0.0184	-0.0005	0.0008	0.0578	0.0074	0.0259	0.0180	0.7523	0.0760	0.7746	0.0701	-0.0224	0.0170	0.9704	0.0255	0.9406	0.0397	-0.1883	0.0723	-0.1659	0.0652	0.9812	0.0129	0.1008	0.0111	0.1033	0.0105	0.1999	0.0215
human	test_id/packet_loss_burst	37.0000	0.1878	0.0233	0.1643	0.0080	0.0235	0.0238	0.7431	0.0447	0.8013	0.0301	-0.0582	0.0570	0.0840	0.0179	0.0847	0.0183	-0.0007	0.0014	0.0593	0.0075	0.0247	0.0177	0.7439	0.0770	0.7730	0.0699	-0.0291	0.0204	0.9615	0.0311	0.9373	0.0399	-0.1935	0.0750	-0.1644	0.0650	0.9712	0.0202	0.0991	0.0112	0.1012	0.0105	0.2020	0.0217
human	test_id/packet_loss_partial	37.0000	0.1867	0.0237	0.1617	0.0081	0.0250	0.0242	0.7461	0.0453	0.8076	0.0295	-0.0615	0.0575	0.0837	0.0181	0.0842	0.0184	-0.0005	0.0008	0.0578	0.0074	0.0259	0.0180	0.7532	0.0761	0.7746	0.0701	-0.0214	0.0169	0.9716	0.0251	0.9406	0.0397	-0.1874	0.0722	-0.1660	0.0651	0.9824	0.0126	0.1009	0.0111	0.1034	0.0105	0.1999	0.0216
human	test_id/sensor_delay	37.0000	0.2342	0.0259	0.2740	0.0092	-0.0398	0.0255	0.5974	0.0821	0.4495	0.0637	0.1479	0.0942	0.1194	0.0231	0.1211	0.0234	-0.0017	0.0022	0.1502	0.0130	-0.0308	0.0227	0.6561	0.0730	0.6953	0.0664	-0.0392	0.0378	0.9436	0.0539	0.7894	0.0337	-0.1333	0.0728	-0.0941	0.0628	0.9734	0.0230	0.0709	0.0115	0.0617	0.0133	0.2666	0.0288
human	test_id/sensor_delay_jitter	37.0000	0.2356	0.0238	0.2720	0.0096	-0.0364	0.0234	0.5931	0.0751	0.4577	0.0623	0.1355	0.0867	0.1211	0.0227	0.1231	0.0230	-0.0021	0.0026	0.1494	0.0127	-0.0283	0.0218	0.6502	0.0745	0.6933	0.0676	-0.0431	0.0420	0.9380	0.0596	0.7879	0.0348	-0.1377	0.0750	-0.0946	0.0640	0.9696	0.0268	0.0708	0.0114	0.0617	0.0130	0.2666	0.0283
human	test_id/stuck_imu	37.0000	0.1975	0.0213	0.1962	0.0061	0.0013	0.0189	0.7163	0.0389	0.7180	0.0296	-0.0017	0.0492	0.0947	0.0189	0.0982	0.0182	-0.0035	0.0045	0.0948	0.0112	-0.0001	0.0193	0.6527	0.0837	0.7143	0.0738	-0.0616	0.0545	0.9140	0.0757	0.8260	0.0503	-0.1733	0.0855	-0.1117	0.0743	0.9361	0.0540	0.0889	0.0123	0.0847	0.0128	0.2129	0.0216
human	test_ood/clean	40.0000	0.2794	0.0517	0.1751	0.0166	0.1043	0.0523	0.6516	0.1166	0.8640	0.0228	-0.2124	0.1236	0.0967	0.0455	0.1009	0.0459	-0.0042	0.0041	0.0385	0.0092	0.0582	0.0409	0.6636	0.1088	0.6845	0.1053	-0.0209	0.0117	0.9680	0.0211	1.0419	0.0805	-0.3783	0.0990	-0.3574	0.0942	0.9684	0.0217	0.0947	0.0160	0.0811	0.0131	0.2144	0.0343
human	test_ood/encoder_dropout	37.0000	0.3892	0.0449	0.3854	0.0351	0.0038	0.0453	0.3307	0.1348	0.3501	0.0554	-0.0194	0.1564	0.1604	0.0343	0.1661	0.0321	-0.0057	0.0063	0.1897	0.0281	-0.0293	0.0465	0.3014	0.0813	0.3707	0.0850	-0.0693	0.0697	0.8278	0.1635	0.4894	0.0870	-0.1880	0.1315	-0.1187	0.1250	0.9321	0.0619	0.0345	0.0128	0.0355	0.0108	0.2603	0.0253
human	test_ood/imu_bias	37.0000	0.2831	0.0527	0.1895	0.0166	0.0936	0.0555	0.6439	0.1186	0.8408	0.0288	-0.1969	0.1298	0.0981	0.0466	0.1020	0.0471	-0.0038	0.0041	0.0427	0.0089	0.0554	0.0423	0.6451	0.1079	0.6641	0.1040	-0.0190	0.0117	0.9699	0.0214	1.0524	0.0854	-0.4072	0.1066	-0.3883	0.1021	0.9704	0.0219	0.0919	0.0158	0.0790	0.0130	0.2135	0.0363
human	test_ood/insole_missing	37.0000	0.3253	0.0489	0.3754	0.0431	-0.0501	0.0372	0.5322	0.1164	0.3856	0.0603	0.1466	0.1077	0.1135	0.0384	0.1192	0.0365	-0.0057	0.0064	0.1632	0.0347	-0.0497	0.0505	0.4498	0.1053	0.4862	0.1155	-0.0364	0.0393	0.9300	0.0713	0.2939	0.0377	0.1559	0.1015	0.1923	0.1099	0.9489	0.0498	0.0648	0.0154	0.0527	0.0129	0.2277	0.0261
human	test_ood/packet_loss	37.0000	0.2819	0.0532	0.1762	0.0174	0.1057	0.0539	0.6465	0.1203	0.8627	0.0237	-0.2163	0.1275	0.0991	0.0467	0.1030	0.0472	-0.0040	0.0043	0.0392	0.0095	0.0598	0.0419	0.6596	0.1121	0.6813	0.1090	-0.0217	0.0116	0.9667	0.0214	1.0378	0.0828	-0.3781	0.1026	-0.3565	0.0978	0.9670	0.0207	0.0938	0.0164	0.0804	0.0135	0.2159	0.0354
human	test_ood/packet_loss_burst	37.0000	0.2828	0.0532	0.1788	0.0174	0.1040	0.0536	0.6442	0.1201	0.8586	0.0242	-0.2144	0.1273	0.0994	0.0465	0.1037	0.0471	-0.0043	0.0047	0.0401	0.0096	0.0593	0.0415	0.6517	0.1124	0.6803	0.1089	-0.0286	0.0159	0.9563	0.0292	1.0356	0.0827	-0.3839	0.1052	-0.3553	0.0977	0.9565	0.0274	0.0925	0.0164	0.0789	0.0135	0.2170	0.0354
human	test_ood/packet_loss_partial	37.0000	0.2819	0.0532	0.1762	0.0174	0.1057	0.0538	0.6466	0.1203	0.8628	0.0238	-0.2162	0.1275	0.0990	0.0467	0.1030	0.0472	-0.0040	0.0043	0.0392	0.0095	0.0598	0.0419	0.6604	0.1123	0.6814	0.1090	-0.0210	0.0114	0.9676	0.0208	1.0376	0.0826	-0.3772	0.1026	-0.3561	0.0979	0.9682	0.0214	0.0939	0.0164	0.0805	0.0135	0.2158	0.0354
human	test_ood/sensor_delay	37.0000	0.3255	0.0476	0.2817	0.0257	0.0439	0.0461	0.5330	0.1099	0.6505	0.0496	-0.1176	0.1262	0.1248	0.0447	0.1321	0.0451	-0.0073	0.0081	0.0936	0.0104	0.0312	0.0425	0.6140	0.1054	0.6357	0.1013	-0.0216	0.0151	0.9642	0.0272	0.9466	0.0726	-0.3325	0.0987	-0.3109	0.0928	0.9629	0.0291	0.0810	0.0139	0.0515	0.0116	0.2487	0.0307
human	test_ood/sensor_delay_jitter	37.0000	0.3254	0.0473	0.2789	0.0247	0.0465	0.0461	0.5334	0.1086	0.6572	0.0478	-0.1238	0.1257	0.1248	0.0444	0.1325	0.0448	-0.0077	0.0085	0.0915	0.0103	0.0333	0.0421	0.6125	0.1062	0.6342	0.1019	-0.0217	0.0153	0.9639	0.0281	0.9472	0.0717	-0.3347	0.1007	-0.3129	0.0942	0.9609	0.0315	0.0812	0.0140	0.0524	0.0114	0.2480	0.0309
human	test_ood/stuck_imu	37.0000	0.2850	0.0522	0.1963	0.0162	0.0887	0.0511	0.6393	0.1177	0.8298	0.0271	-0.1904	0.1239	0.1029	0.0463	0.1087	0.0471	-0.0058	0.0062	0.0521	0.0121	0.0508	0.0396	0.6432	0.1109	0.6702	0.1072	-0.0270	0.0162	0.9580	0.0273	1.0124	0.0867	-0.3692	0.1019	-0.3422	0.0967	0.9570	0.0297	0.0921	0.0163	0.0783	0.0132	0.2123	0.0334
human_desired	test_id/clean	1.0000	0.1763	0.0000					0.7596	0.0000					0.0709	0.0000	0.0715	0.0000	-0.0006	0.0000					0.8051	0.0000	0.8341	0.0000	-0.0290	0.0000	0.9653	0.0000							0.9774	0.0000	0.1007	0.0000	0.1003	0.0000	0.2093	0.0000
human_desired	test_id/encoder_dropout	1.0000	0.2084	0.0000					0.6642	0.0000					0.0865	0.0000	0.0969	0.0000	-0.0104	0.0000					0.4264	0.0000	0.7417	0.0000	-0.3153	0.0000	0.5749	0.0000							0.7752	0.0000	0.0448	0.0000	0.0442	0.0000	0.2369	0.0000
human_desired	test_id/imu_bias	1.0000	0.1796	0.0000					0.7505	0.0000					0.0752	0.0000	0.0760	0.0000	-0.0008	0.0000					0.7921	0.0000	0.8179	0.0000	-0.0258	0.0000	0.9684	0.0000							0.9781	0.0000	0.0979	0.0000	0.0973	0.0000	0.2147	0.0000
human_desired	test_id/insole_missing	1.0000	0.1914	0.0000					0.7167	0.0000					0.0819	0.0000	0.0850	0.0000	-0.0031	0.0000					0.5841	0.0000	0.7394	0.0000	-0.1552	0.0000	0.7900	0.0000							0.8693	0.0000	0.0698	0.0000	0.0779	0.0000	0.2190	0.0000
human_desired	test_id/packet_loss	1.0000	0.1770	0.0000					0.7578	0.0000					0.0714	0.0000	0.0721	0.0000	-0.0007	0.0000					0.8027	0.0000	0.8333	0.0000	-0.0306	0.0000	0.9633	0.0000							0.9727	0.0000	0.0999	0.0000	0.0994	0.0000	0.2108	0.0000
human_desired	test_id/packet_loss_burst	1.0000	0.1786	0.0000					0.7534	0.0000					0.0717	0.0000	0.0726	0.0000	-0.0009	0.0000					0.7885	0.0000	0.8303	0.0000	-0.0418	0.0000	0.9496	0.0000							0.9586	0.0000	0.0975	0.0000	0.0968	0.0000	0.2129	0.0000
human_desired	test_id/packet_loss_partial	1.0000	0.1769	0.0000					0.7581	0.0000					0.0714	0.0000	0.0720	0.0000	-0.0007	0.0000					0.8037	0.0000	0.8334	0.0000	-0.0297	0.0000	0.9643	0.0000							0.9735	0.0000	0.1001	0.0000	0.0995	0.0000	0.2107	0.0000
human_desired	test_id/sensor_delay	1.0000	0.2195	0.0000					0.6275	0.0000					0.1063	0.0000	0.1091	0.0000	-0.0029	0.0000					0.6937	0.0000	0.7550	0.0000	-0.0614	0.0000	0.9187	0.0000							0.9580	0.0000	0.0739	0.0000	0.0642	0.0000	0.2686	0.0000
human_desired	test_id/sensor_delay_jitter	1.0000	0.2254	0.0000					0.6072	0.0000					0.1099	0.0000	0.1131	0.0000	-0.0031	0.0000					0.6938	0.0000	0.7553	0.0000	-0.0615	0.0000	0.9185	0.0000							0.9556	0.0000	0.0722	0.0000	0.0616	0.0000	0.2700	0.0000
human_desired	test_id/stuck_imu	1.0000	0.1818	0.0000					0.7444	0.0000					0.0724	0.0000	0.0811	0.0000	-0.0087	0.0000					0.6710	0.0000	0.8055	0.0000	-0.1345	0.0000	0.8330	0.0000							0.8662	0.0000	0.0854	0.0000	0.0769	0.0000	0.2210	0.0000
human_desired	test_ood/clean	1.0000	0.2614	0.0000					0.6838	0.0000					0.0586	0.0000	0.0669	0.0000	-0.0082	0.0000					0.7010	0.0000	0.7289	0.0000	-0.0279	0.0000	0.9617	0.0000							0.9499	0.0000	0.0969	0.0000	0.0740	0.0000	0.1942	0.0000
human_desired	test_ood/encoder_dropout	1.0000	0.3416	0.0000					0.4601	0.0000					0.1089	0.0000	0.1240	0.0000	-0.0151	0.0000					0.2859	0.0000	0.5138	0.0000	-0.2280	0.0000	0.5563	0.0000							0.8210	0.0000	0.0313	0.0000	0.0258	0.0000	0.2404	0.0000
human_desired	test_ood/imu_bias	1.0000	0.2618	0.0000					0.6829	0.0000					0.0572	0.0000	0.0656	0.0000	-0.0085	0.0000					0.6851	0.0000	0.7115	0.0000	-0.0264	0.0000	0.9629	0.0000							0.9506	0.0000	0.0946	0.0000	0.0720	0.0000	0.1922	0.0000
human_desired	test_ood/insole_missing	1.0000	0.2951	0.0000					0.5972	0.0000					0.0647	0.0000	0.0760	0.0000	-0.0114	0.0000					0.4999	0.0000	0.6032	0.0000	-0.1032	0.0000	0.8288	0.0000							0.8798	0.0000	0.0690	0.0000	0.0481	0.0000	0.2059	0.0000
human_desired	test_ood/packet_loss	1.0000	0.2621	0.0000					0.6821	0.0000					0.0590	0.0000	0.0674	0.0000	-0.0084	0.0000					0.6993	0.0000	0.7283	0.0000	-0.0290	0.0000	0.9601	0.0000							0.9478	0.0000	0.0964	0.0000	0.0735	0.0000	0.1945	0.0000
human_desired	test_ood/packet_loss_burst	1.0000	0.2628	0.0000					0.6804	0.0000					0.0593	0.0000	0.0679	0.0000	-0.0086	0.0000					0.6883	0.0000	0.7274	0.0000	-0.0391	0.0000	0.9463	0.0000							0.9325	0.0000	0.0948	0.0000	0.0721	0.0000	0.1951	0.0000
human_desired	test_ood/packet_loss_partial	1.0000	0.2621	0.0000					0.6823	0.0000					0.0587	0.0000	0.0672	0.0000	-0.0085	0.0000					0.6990	0.0000	0.7284	0.0000	-0.0294	0.0000	0.9597	0.0000							0.9478	0.0000	0.0965	0.0000	0.0732	0.0000	0.1949	0.0000
human_desired	test_ood/sensor_delay	1.0000	0.3113	0.0000					0.5516	0.0000					0.0840	0.0000	0.0978	0.0000	-0.0138	0.0000					0.6523	0.0000	0.6853	0.0000	-0.0331	0.0000	0.9518	0.0000							0.9384	0.0000	0.0841	0.0000	0.0463	0.0000	0.2236	0.0000
human_desired	test_ood/sensor_delay_jitter	1.0000	0.3122	0.0000					0.5492	0.0000					0.0831	0.0000	0.0982	0.0000	-0.0151	0.0000					0.6491	0.0000	0.6813	0.0000	-0.0323	0.0000	0.9526	0.0000							0.9356	0.0000	0.0842	0.0000	0.0466	0.0000	0.2242	0.0000
human_desired	test_ood/stuck_imu	1.0000	0.2636	0.0000					0.6785	0.0000					0.0602	0.0000	0.0709	0.0000	-0.0108	0.0000					0.6747	0.0000	0.7200	0.0000	-0.0453	0.0000	0.9370	0.0000							0.9276	0.0000	0.0936	0.0000	0.0692	0.0000	0.1847	0.0000
human_execution	test_id/clean	1.0000	0.1782	0.0000					0.7546	0.0000					0.0834	0.0000	0.0840	0.0000	-0.0005	0.0000					0.7815	0.0000	0.8094	0.0000	-0.0280	0.0000	0.9655	0.0000							0.9780	0.0000	0.1022	0.0000	0.1000	0.0000	0.2116	0.0000
human_execution	test_id/encoder_dropout	1.0000	0.2060	0.0000					0.6720	0.0000					0.0919	0.0000	0.1045	0.0000	-0.0126	0.0000					0.4360	0.0000	0.6900	0.0000	-0.2540	0.0000	0.6319	0.0000							0.8087	0.0000	0.0504	0.0000	0.0491	0.0000	0.2349	0.0000
human_execution	test_id/imu_bias	1.0000	0.1790	0.0000					0.7523	0.0000					0.0823	0.0000	0.0829	0.0000	-0.0006	0.0000					0.7702	0.0000	0.7956	0.0000	-0.0254	0.0000	0.9681	0.0000							0.9787	0.0000	0.1000	0.0000	0.0973	0.0000	0.2139	0.0000
human_execution	test_id/insole_missing	1.0000	0.1891	0.0000					0.7236	0.0000					0.0848	0.0000	0.0891	0.0000	-0.0043	0.0000					0.5836	0.0000	0.7658	0.0000	-0.1822	0.0000	0.7620	0.0000							0.8641	0.0000	0.0719	0.0000	0.0761	0.0000	0.2296	0.0000
human_execution	test_id/packet_loss	1.0000	0.1786	0.0000					0.7534	0.0000					0.0835	0.0000	0.0841	0.0000	-0.0006	0.0000					0.7785	0.0000	0.8087	0.0000	-0.0303	0.0000	0.9626	0.0000							0.9735	0.0000	0.1013	0.0000	0.0989	0.0000	0.2131	0.0000
human_execution	test_id/packet_loss_burst	1.0000	0.1799	0.0000					0.7498	0.0000					0.0839	0.0000	0.0847	0.0000	-0.0008	0.0000					0.7660	0.0000	0.8062	0.0000	-0.0402	0.0000	0.9502	0.0000							0.9591	0.0000	0.0990	0.0000	0.0961	0.0000	0.2153	0.0000
human_execution	test_id/packet_loss_partial	1.0000	0.1785	0.0000					0.7536	0.0000					0.0836	0.0000	0.0842	0.0000	-0.0006	0.0000					0.7811	0.0000	0.8089	0.0000	-0.0278	0.0000	0.9657	0.0000							0.9746	0.0000	0.1018	0.0000	0.0992	0.0000	0.2130	0.0000
human_execution	test_id/sensor_delay	1.0000	0.2149	0.0000					0.6430	0.0000					0.1126	0.0000	0.1151	0.0000	-0.0025	0.0000					0.6808	0.0000	0.7501	0.0000	-0.0693	0.0000	0.9077	0.0000							0.9566	0.0000	0.0736	0.0000	0.0640	0.0000	0.2677	0.0000
human_execution	test_id/sensor_delay_jitter	1.0000	0.2202	0.0000					0.6251	0.0000					0.1161	0.0000	0.1188	0.0000	-0.0027	0.0000					0.6769	0.0000	0.7495	0.0000	-0.0725	0.0000	0.9032	0.0000							0.9524	0.0000	0.0723	0.0000	0.0613	0.0000	0.2688	0.0000
human_execution	test_id/stuck_imu	1.0000	0.1827	0.0000					0.7420	0.0000					0.0833	0.0000	0.0911	0.0000	-0.0078	0.0000					0.6532	0.0000	0.7877	0.0000	-0.1346	0.0000	0.8292	0.0000							0.8696	0.0000	0.0856	0.0000	0.0764	0.0000	0.2250	0.0000
human_execution	test_ood/clean	1.0000	0.2589	0.0000					0.6898	0.0000					0.0764	0.0000	0.0840	0.0000	-0.0076	0.0000					0.7245	0.0000	0.7583	0.0000	-0.0338	0.0000	0.9554	0.0000							0.9495	0.0000	0.1026	0.0000	0.0814	0.0000	0.2121	0.0000
human_execution	test_ood/encoder_dropout	1.0000	0.3287	0.0000					0.5000	0.0000					0.1238	0.0000	0.1357	0.0000	-0.0119	0.0000					0.3340	0.0000	0.5154	0.0000	-0.1814	0.0000	0.6481	0.0000							0.8604	0.0000	0.0414	0.0000	0.0366	0.0000	0.2532	0.0000
human_execution	test_ood/imu_bias	1.0000	0.2583	0.0000					0.6913	0.0000					0.0741	0.0000	0.0819	0.0000	-0.0078	0.0000					0.7126	0.0000	0.7449	0.0000	-0.0323	0.0000	0.9566	0.0000							0.9499	0.0000	0.1010	0.0000	0.0799	0.0000	0.2093	0.0000
human_execution	test_ood/insole_missing	1.0000	0.2841	0.0000					0.6266	0.0000					0.0840	0.0000	0.0975	0.0000	-0.0135	0.0000					0.5150	0.0000	0.6657	0.0000	-0.1508	0.0000	0.7735	0.0000							0.8558	0.0000	0.0710	0.0000	0.0524	0.0000	0.2209	0.0000
human_execution	test_ood/packet_loss	1.0000	0.2595	0.0000					0.6885	0.0000					0.0765	0.0000	0.0844	0.0000	-0.0079	0.0000					0.7220	0.0000	0.7578	0.0000	-0.0359	0.0000	0.9527	0.0000							0.9465	0.0000	0.1022	0.0000	0.0804	0.0000	0.2127	0.0000
human_execution	test_ood/packet_loss_burst	1.0000	0.2603	0.0000					0.6865	0.0000					0.0771	0.0000	0.0850	0.0000	-0.0079	0.0000					0.7096	0.0000	0.7569	0.0000	-0.0473	0.0000	0.9375	0.0000							0.9304	0.0000	0.1003	0.0000	0.0788	0.0000	0.2136	0.0000
human_execution	test_ood/packet_loss_partial	1.0000	0.2595	0.0000					0.6885	0.0000					0.0762	0.0000	0.0842	0.0000	-0.0080	0.0000					0.7232	0.0000	0.7578	0.0000	-0.0346	0.0000	0.9543	0.0000							0.9472	0.0000	0.1023	0.0000	0.0805	0.0000	0.2125	0.0000
human_execution	test_ood/sensor_delay	1.0000	0.3051	0.0000					0.5694	0.0000					0.0999	0.0000	0.1111	0.0000	-0.0112	0.0000					0.6802	0.0000	0.7212	0.0000	-0.0410	0.0000	0.9432	0.0000							0.9375	0.0000	0.0890	0.0000	0.0514	0.0000	0.2430	0.0000
human_execution	test_ood/sensor_delay_jitter	1.0000	0.3057	0.0000					0.5677	0.0000					0.0994	0.0000	0.1121	0.0000	-0.0127	0.0000					0.6781	0.0000	0.7185	0.0000	-0.0403	0.0000	0.9439	0.0000							0.9347	0.0000	0.0892	0.0000	0.0514	0.0000	0.2409	0.0000
human_execution	test_ood/stuck_imu	1.0000	0.2599	0.0000					0.6875	0.0000					0.0796	0.0000	0.0910	0.0000	-0.0114	0.0000					0.6984	0.0000	0.7478	0.0000	-0.0495	0.0000	0.9339	0.0000							0.9280	0.0000	0.0992	0.0000	0.0770	0.0000	0.2020	0.0000
human_interaction	test_id/clean	1.0000	0.1782	0.0000					0.7545	0.0000					0.0822	0.0000	0.0827	0.0000	-0.0006	0.0000					0.7596	0.0000	0.7868	0.0000	-0.0272	0.0000	0.9654	0.0000							0.9783	0.0000	0.0999	0.0000	0.1004	0.0000	0.2080	0.0000
human_interaction	test_id/encoder_dropout	1.0000	0.2042	0.0000					0.6777	0.0000					0.0937	0.0000	0.1063	0.0000	-0.0126	0.0000					0.3927	0.0000	0.6676	0.0000	-0.2748	0.0000	0.5883	0.0000							0.7907	0.0000	0.0459	0.0000	0.0454	0.0000	0.2291	0.0000
human_interaction	test_id/imu_bias	1.0000	0.1789	0.0000					0.7526	0.0000					0.0823	0.0000	0.0830	0.0000	-0.0007	0.0000					0.7477	0.0000	0.7733	0.0000	-0.0256	0.0000	0.9669	0.0000							0.9786	0.0000	0.0974	0.0000	0.0977	0.0000	0.2116	0.0000
human_interaction	test_id/insole_missing	1.0000	0.1881	0.0000					0.7263	0.0000					0.0873	0.0000	0.0907	0.0000	-0.0034	0.0000					0.5589	0.0000	0.7159	0.0000	-0.1570	0.0000	0.7807	0.0000							0.8751	0.0000	0.0691	0.0000	0.0771	0.0000	0.2227	0.0000
human_interaction	test_id/packet_loss	1.0000	0.1787	0.0000					0.7532	0.0000					0.0824	0.0000	0.0830	0.0000	-0.0006	0.0000					0.7577	0.0000	0.7862	0.0000	-0.0285	0.0000	0.9637	0.0000							0.9740	0.0000	0.0993	0.0000	0.0995	0.0000	0.2091	0.0000
human_interaction	test_id/packet_loss_burst	1.0000	0.1802	0.0000					0.7488	0.0000					0.0829	0.0000	0.0837	0.0000	-0.0008	0.0000					0.7447	0.0000	0.7838	0.0000	-0.0391	0.0000	0.9502	0.0000							0.9589	0.0000	0.0970	0.0000	0.0969	0.0000	0.2113	0.0000
human_interaction	test_id/packet_loss_partial	1.0000	0.1787	0.0000					0.7532	0.0000					0.0824	0.0000	0.0830	0.0000	-0.0006	0.0000					0.7571	0.0000	0.7861	0.0000	-0.0290	0.0000	0.9631	0.0000							0.9744	0.0000	0.0991	0.0000	0.0994	0.0000	0.2094	0.0000
human_interaction	test_id/sensor_delay	1.0000	0.2146	0.0000					0.6438	0.0000					0.1102	0.0000	0.1129	0.0000	-0.0027	0.0000					0.6529	0.0000	0.7241	0.0000	-0.0712	0.0000	0.9017	0.0000							0.9533	0.0000	0.0726	0.0000	0.0641	0.0000	0.2631	0.0000
human_interaction	test_id/sensor_delay_jitter	1.0000	0.2202	0.0000					0.6250	0.0000					0.1131	0.0000	0.1163	0.0000	-0.0033	0.0000					0.6514	0.0000	0.7220	0.0000	-0.0706	0.0000	0.9022	0.0000							0.9510	0.0000	0.0716	0.0000	0.0633	0.0000	0.2626	0.0000
human_interaction	test_id/stuck_imu	1.0000	0.1838	0.0000					0.7390	0.0000					0.0843	0.0000	0.0925	0.0000	-0.0082	0.0000					0.6299	0.0000	0.7567	0.0000	-0.1268	0.0000	0.8324	0.0000							0.8694	0.0000	0.0834	0.0000	0.0751	0.0000	0.2252	0.0000
human_interaction	test_ood/clean	1.0000	0.2625	0.0000					0.6811	0.0000					0.0793	0.0000	0.0872	0.0000	-0.0079	0.0000					0.6812	0.0000	0.7128	0.0000	-0.0316	0.0000	0.9556	0.0000							0.9480	0.0000	0.0972	0.0000	0.0787	0.0000	0.2110	0.0000
human_interaction	test_ood/encoder_dropout	1.0000	0.3385	0.0000					0.4698	0.0000					0.1540	0.0000	0.1669	0.0000	-0.0129	0.0000					0.2721	0.0000	0.4799	0.0000	-0.2078	0.0000	0.5670	0.0000							0.8398	0.0000	0.0317	0.0000	0.0288	0.0000	0.2719	0.0000
human_interaction	test_ood/imu_bias	1.0000	0.2604	0.0000					0.6862	0.0000					0.0767	0.0000	0.0844	0.0000	-0.0077	0.0000					0.6687	0.0000	0.6989	0.0000	-0.0302	0.0000	0.9568	0.0000							0.9485	0.0000	0.0959	0.0000	0.0771	0.0000	0.2063	0.0000
human_interaction	test_ood/insole_missing	1.0000	0.2832	0.0000					0.6289	0.0000					0.0733	0.0000	0.0990	0.0000	-0.0257	0.0000					0.4230	0.0000	0.6113	0.0000	-0.1884	0.0000	0.6919	0.0000							0.8091	0.0000	0.0523	0.0000	0.0454	0.0000	0.2142	0.0000
human_interaction	test_ood/packet_loss	1.0000	0.2632	0.0000					0.6795	0.0000					0.0794	0.0000	0.0875	0.0000	-0.0081	0.0000					0.6787	0.0000	0.7124	0.0000	-0.0338	0.0000	0.9526	0.0000							0.9445	0.0000	0.0968	0.0000	0.0775	0.0000	0.2114	0.0000
human_interaction	test_ood/packet_loss_burst	1.0000	0.2642	0.0000					0.6770	0.0000					0.0800	0.0000	0.0883	0.0000	-0.0083	0.0000					0.6668	0.0000	0.7119	0.0000	-0.0451	0.0000	0.9366	0.0000							0.9282	0.0000	0.0945	0.0000	0.0759	0.0000	0.2121	0.0000
human_interaction	test_ood/packet_loss_partial	1.0000	0.2632	0.0000					0.6794	0.0000					0.0795	0.0000	0.0879	0.0000	-0.0084	0.0000					0.6793	0.0000	0.7123	0.0000	-0.0330	0.0000	0.9537	0.0000							0.9459	0.0000	0.0970	0.0000	0.0777	0.0000	0.2118	0.0000
human_interaction	test_ood/sensor_delay	1.0000	0.3117	0.0000					0.5504	0.0000					0.1028	0.0000	0.1172	0.0000	-0.0144	0.0000					0.6365	0.0000	0.6761	0.0000	-0.0395	0.0000	0.9415	0.0000							0.9334	0.0000	0.0833	0.0000	0.0459	0.0000	0.2430	0.0000
human_interaction	test_ood/sensor_delay_jitter	1.0000	0.3114	0.0000					0.5513	0.0000					0.1015	0.0000	0.1163	0.0000	-0.0148	0.0000					0.6326	0.0000	0.6731	0.0000	-0.0405	0.0000	0.9398	0.0000							0.9303	0.0000	0.0833	0.0000	0.0474	0.0000	0.2413	0.0000
human_interaction	test_ood/stuck_imu	1.0000	0.2644	0.0000					0.6766	0.0000					0.0799	0.0000	0.0938	0.0000	-0.0139	0.0000					0.6558	0.0000	0.7033	0.0000	-0.0475	0.0000	0.9325	0.0000							0.9262	0.0000	0.0937	0.0000	0.0742	0.0000	0.1990	0.0000
human_measured	test_id/clean	1.0000	0.1793	0.0000					0.7515	0.0000					0.0769	0.0000	0.0777	0.0000	-0.0008	0.0000					0.7322	0.0000	0.7611	0.0000	-0.0289	0.0000	0.9620	0.0000							0.9771	0.0000	0.0915	0.0000	0.0955	0.0000	0.2080	0.0000
human_measured	test_id/encoder_dropout	1.0000	0.2204	0.0000					0.6244	0.0000					0.0982	0.0000	0.1145	0.0000	-0.0163	0.0000					0.3930	0.0000	0.6525	0.0000	-0.2595	0.0000	0.6023	0.0000							0.7858	0.0000	0.0415	0.0000	0.0417	0.0000	0.2382	0.0000
human_measured	test_id/imu_bias	1.0000	0.1834	0.0000					0.7401	0.0000					0.0788	0.0000	0.0797	0.0000	-0.0009	0.0000					0.7185	0.0000	0.7449	0.0000	-0.0264	0.0000	0.9646	0.0000							0.9777	0.0000	0.0885	0.0000	0.0922	0.0000	0.2123	0.0000
human_measured	test_id/insole_missing	1.0000	0.1976	0.0000					0.6982	0.0000					0.0874	0.0000	0.0899	0.0000	-0.0025	0.0000					0.5497	0.0000	0.6720	0.0000	-0.1223	0.0000	0.8180	0.0000							0.8975	0.0000	0.0661	0.0000	0.0763	0.0000	0.2224	0.0000
human_measured	test_id/packet_loss	1.0000	0.1799	0.0000					0.7499	0.0000					0.0772	0.0000	0.0781	0.0000	-0.0009	0.0000					0.7296	0.0000	0.7604	0.0000	-0.0307	0.0000	0.9596	0.0000							0.9720	0.0000	0.0906	0.0000	0.0945	0.0000	0.2094	0.0000
human_measured	test_id/packet_loss_burst	1.0000	0.1813	0.0000					0.7458	0.0000					0.0775	0.0000	0.0786	0.0000	-0.0011	0.0000					0.7152	0.0000	0.7576	0.0000	-0.0424	0.0000	0.9440	0.0000							0.9553	0.0000	0.0884	0.0000	0.0918	0.0000	0.2115	0.0000
human_measured	test_id/packet_loss_partial	1.0000	0.1797	0.0000					0.7503	0.0000					0.0772	0.0000	0.0781	0.0000	-0.0009	0.0000					0.7304	0.0000	0.7605	0.0000	-0.0301	0.0000	0.9604	0.0000							0.9729	0.0000	0.0908	0.0000	0.0946	0.0000	0.2093	0.0000
human_measured	test_id/sensor_delay	1.0000	0.2203	0.0000					0.6249	0.0000					0.1088	0.0000	0.1114	0.0000	-0.0026	0.0000					0.6282	0.0000	0.6855	0.0000	-0.0573	0.0000	0.9164	0.0000							0.9579	0.0000	0.0662	0.0000	0.0599	0.0000	0.2674	0.0000
human_measured	test_id/sensor_delay_jitter	1.0000	0.2263	0.0000					0.6041	0.0000					0.1124	0.0000	0.1155	0.0000	-0.0031	0.0000					0.6267	0.0000	0.6841	0.0000	-0.0574	0.0000	0.9160	0.0000							0.9551	0.0000	0.0644	0.0000	0.0570	0.0000	0.2683	0.0000
human_measured	test_id/stuck_imu	1.0000	0.1853	0.0000					0.7346	0.0000					0.0772	0.0000	0.0863	0.0000	-0.0091	0.0000					0.6066	0.0000	0.7354	0.0000	-0.1288	0.0000	0.8249	0.0000							0.8697	0.0000	0.0770	0.0000	0.0720	0.0000	0.2185	0.0000
human_measured	test_ood/clean	1.0000	0.2782	0.0000					0.6419	0.0000					0.0639	0.0000	0.0710	0.0000	-0.0071	0.0000					0.6110	0.0000	0.6378	0.0000	-0.0268	0.0000	0.9579	0.0000							0.9490	0.0000	0.0841	0.0000	0.0699	0.0000	0.1910	0.0000
human_measured	test_ood/encoder_dropout	1.0000	0.3766	0.0000					0.3439	0.0000					0.1517	0.0000	0.1650	0.0000	-0.0133	0.0000					0.2272	0.0000	0.3956	0.0000	-0.1683	0.0000	0.5745	0.0000							0.8423	0.0000	0.0209	0.0000	0.0220	0.0000	0.2628	0.0000
human_measured	test_ood/imu_bias	1.0000	0.2805	0.0000					0.6359	0.0000					0.0614	0.0000	0.0687	0.0000	-0.0073	0.0000					0.5934	0.0000	0.6185	0.0000	-0.0250	0.0000	0.9595	0.0000							0.9497	0.0000	0.0819	0.0000	0.0674	0.0000	0.1858	0.0000
human_measured	test_ood/insole_missing	1.0000	0.3102	0.0000					0.5547	0.0000					0.0768	0.0000	0.0874	0.0000	-0.0105	0.0000					0.4597	0.0000	0.5242	0.0000	-0.0644	0.0000	0.8771	0.0000							0.9005	0.0000	0.0628	0.0000	0.0476	0.0000	0.2139	0.0000
human_measured	test_ood/packet_loss	1.0000	0.2786	0.0000					0.6409	0.0000					0.0641	0.0000	0.0715	0.0000	-0.0073	0.0000					0.6113	0.0000	0.6373	0.0000	-0.0259	0.0000	0.9593	0.0000							0.9476	0.0000	0.0843	0.0000	0.0699	0.0000	0.1914	0.0000
human_measured	test_ood/packet_loss_burst	1.0000	0.2790	0.0000					0.6397	0.0000					0.0646	0.0000	0.0720	0.0000	-0.0075	0.0000					0.5983	0.0000	0.6373	0.0000	-0.0390	0.0000	0.9387	0.0000							0.9274	0.0000	0.0823	0.0000	0.0681	0.0000	0.1929	0.0000
human_measured	test_ood/packet_loss_partial	1.0000	0.2786	0.0000					0.6409	0.0000					0.0640	0.0000	0.0715	0.0000	-0.0075	0.0000					0.6099	0.0000	0.6375	0.0000	-0.0276	0.0000	0.9567	0.0000							0.9471	0.0000	0.0839	0.0000	0.0696	0.0000	0.1917	0.0000
human_measured	test_ood/sensor_delay	1.0000	0.3207	0.0000					0.5242	0.0000					0.0892	0.0000	0.1028	0.0000	-0.0136	0.0000					0.5614	0.0000	0.5894	0.0000	-0.0280	0.0000	0.9525	0.0000							0.9379	0.0000	0.0721	0.0000	0.0443	0.0000	0.2256	0.0000
human_measured	test_ood/sensor_delay_jitter	1.0000	0.3222	0.0000					0.5197	0.0000					0.0889	0.0000	0.1035	0.0000	-0.0146	0.0000					0.5587	0.0000	0.5869	0.0000	-0.0282	0.0000	0.9519	0.0000							0.9353	0.0000	0.0720	0.0000	0.0441	0.0000	0.2251	0.0000
human_measured	test_ood/stuck_imu	1.0000	0.2792	0.0000					0.6392	0.0000					0.0669	0.0000	0.0783	0.0000	-0.0114	0.0000					0.5898	0.0000	0.6317	0.0000	-0.0420	0.0000	0.9336	0.0000							0.9278	0.0000	0.0814	0.0000	0.0661	0.0000	0.1796	0.0000
