profile	detector	n	auroc_mean	auroc_std	best_signal_auroc_mean	best_signal_auroc_std	auroc_logit_mean	auroc_logit_std	auroc_aleatoric_mean	auroc_aleatoric_std	auroc_residual_mean	auroc_residual_std	auroc_forecast_mean	auroc_forecast_std	auroc_epistemic_mean	auroc_epistemic_std	auroc_staleness_mean	auroc_staleness_std	auroc_coherence_mean	auroc_coherence_std	auroc_drift_mean	auroc_drift_std
human	fault_detection/test_id/encoder_dropout	37.0000	0.9377	0.0239	0.9465	0.0144	0.6217	0.1223	0.4312	0.1349	0.8107	0.0728	0.7841	0.0681	0.5215	0.0855	0.9440	0.0111	0.4999	0.0001	0.4732	0.0243
human	fault_detection/test_id/imu_bias	37.0000	0.5087	0.0144	0.5358	0.0153	0.5343	0.0172	0.4625	0.0273	0.5040	0.0023	0.5038	0.0021	0.4927	0.0114	0.5020	0.0006	0.4999	0.0002	0.5157	0.0050
human	fault_detection/test_id/insole_missing	37.0000	0.8210	0.1084	0.8801	0.0650	0.5382	0.1668	0.4196	0.1597	0.8271	0.1241	0.7919	0.1228	0.4350	0.0930	0.8433	0.0318	0.4999	0.0001	0.3343	0.0391
human	fault_detection/test_id/packet_loss	37.0000	0.8818	0.0521	0.9305	0.0168	0.4995	0.0003	0.4999	0.0003	0.5008	0.0004	0.5047	0.0026	0.4994	0.0086	0.9305	0.0168	0.4774	0.0078	0.4999	0.0003
human	fault_detection/test_id/packet_loss@0.05	3.0000	0.5376	0.0019	0.7652	0.0012	0.4998	0.0002	0.4999	0.0001	0.5002	0.0001	0.5033	0.0005	0.5062	0.0052	0.7652	0.0012	0.5242	0.0010	0.5001	0.0001
human	fault_detection/test_id/packet_loss@0.15	3.0000	0.8733	0.0070	0.9378	0.0003	0.4994	0.0001	0.5002	0.0001	0.5007	0.0001	0.5088	0.0019	0.5027	0.0084	0.9378	0.0003	0.4783	0.0034	0.5000	0.0002
human	fault_detection/test_id/packet_loss@0.30	3.0000	0.9613	0.0018	0.9712	0.0001	0.4991	0.0002	0.5000	0.0001	0.5011	0.0002	0.5170	0.0030	0.4999	0.0030	0.9712	0.0001	0.3382	0.0028	0.5005	0.0007
human	fault_detection/test_id/packet_loss_burst	37.0000	0.7984	0.0854	0.9102	0.0225	0.4987	0.0006	0.5005	0.0009	0.5032	0.0010	0.5086	0.0045	0.4994	0.0090	0.9102	0.0225	0.0620	0.0151	0.5023	0.0017
human	fault_detection/test_id/packet_loss_burst@0.05	3.0000	0.4407	0.0062	0.7560	0.0010	0.4996	0.0003	0.4999	0.0002	0.5002	0.0005	0.5046	0.0016	0.5036	0.0109	0.7560	0.0010	0.3736	0.0013	0.5002	0.0002
human	fault_detection/test_id/packet_loss_burst@0.15	3.0000	0.7335	0.0121	0.9202	0.0026	0.4983	0.0006	0.5012	0.0003	0.5037	0.0002	0.5155	0.0020	0.5010	0.0052	0.9202	0.0026	0.0492	0.0051	0.5022	0.0008
human	fault_detection/test_id/packet_loss_partial	37.0000	0.9185	0.0300	0.9997	0.0013	0.4994	0.0004	0.5001	0.0003	0.5013	0.0004	0.5046	0.0028	0.4980	0.0078	0.9318	0.0172	0.9997	0.0013	0.5001	0.0004
human	fault_detection/test_id/packet_loss_partial@0.15	3.0000	0.9150	0.0056	1.0000	0.0000	0.4996	0.0001	0.5001	0.0001	0.5014	0.0001	0.5085	0.0018	0.5040	0.0038	0.9391	0.0001	1.0000	0.0000	0.5002	0.0003
human	fault_detection/test_id/sensor_delay	37.0000	0.7444	0.1726	0.9496	0.0141	0.4566	0.0320	0.5333	0.0325	0.5694	0.0376	0.5558	0.0314	0.4978	0.0238	0.4978	0.0015	0.9496	0.0141	0.5113	0.0046
human	fault_detection/test_id/sensor_delay@10	3.0000	0.8782	0.0089	0.9531	0.0000	0.4383	0.0092	0.5702	0.0083	0.6114	0.0122	0.5985	0.0097	0.5119	0.0035	0.4970	0.0001	0.9531	0.0000	0.5090	0.0001
human	fault_detection/test_id/sensor_delay@20	3.0000	0.8993	0.0100	0.9498	0.0000	0.4020	0.0187	0.6388	0.0135	0.6917	0.0164	0.6763	0.0137	0.5639	0.0147	0.4937	0.0001	0.9498	0.0000	0.5401	0.0003
human	fault_detection/test_id/sensor_delay@5	3.0000	0.8638	0.0086	0.9569	0.0000	0.4675	0.0033	0.5307	0.0040	0.5479	0.0060	0.5392	0.0042	0.4938	0.0094	0.4985	0.0000	0.9569	0.0000	0.5011	0.0001
human	fault_detection/test_id/sensor_delay_jitter	37.0000	0.7335	0.1651	0.9330	0.0151	0.4561	0.0352	0.5344	0.0348	0.5775	0.0361	0.5641	0.0303	0.5022	0.0267	0.4977	0.0016	0.9330	0.0151	0.5127	0.0052
human	fault_detection/test_id/sensor_delay_jitter@10	3.0000	0.8662	0.0061	0.9340	0.0077	0.4423	0.0096	0.5707	0.0070	0.6156	0.0138	0.6029	0.0110	0.5234	0.0031	0.4968	0.0005	0.9340	0.0077	0.5116	0.0015
human	fault_detection/test_id/sensor_delay_jitter@20	3.0000	0.9047	0.0094	0.9710	0.0029	0.4047	0.0177	0.6371	0.0122	0.6909	0.0145	0.6767	0.0115	0.5569	0.0174	0.4935	0.0007	0.9710	0.0029	0.5444	0.0009
human	fault_detection/test_id/stuck_imu	37.0000	0.9582	0.0159	1.0000	0.0000	0.4810	0.0417	0.5292	0.0330	0.6141	0.0393	0.5978	0.0353	0.5214	0.0300	0.9646	0.0106	1.0000	0.0000	0.4905	0.0049
human	fault_detection/test_ood/encoder_dropout	37.0000	0.9349	0.0560	0.9785	0.0126	0.5952	0.1405	0.4004	0.1491	0.6264	0.0717	0.6068	0.0683	0.4026	0.1091	0.9785	0.0126	0.5002	0.0005	0.4759	0.0302
human	fault_detection/test_ood/imu_bias	37.0000	0.5111	0.0176	0.5409	0.0173	0.5396	0.0180	0.4666	0.0274	0.5070	0.0029	0.5070	0.0026	0.4840	0.0149	0.5024	0.0010	0.4999	0.0004	0.5019	0.0025
human	fault_detection/test_ood/insole_missing	37.0000	0.8170	0.0809	0.8652	0.0477	0.5135	0.1844	0.3949	0.1863	0.7453	0.0851	0.7146	0.0762	0.3708	0.1016	0.8499	0.0311	0.5002	0.0005	0.3140	0.0458
human	fault_detection/test_ood/packet_loss	37.0000	0.8742	0.0797	0.9586	0.0176	0.4993	0.0006	0.4999	0.0005	0.5007	0.0008	0.5045	0.0026	0.4963	0.0154	0.9586	0.0176	0.4573	0.0122	0.5004	0.0007
human	fault_detection/test_ood/packet_loss@0.05	3.0000	0.5797	0.0052	0.6993	0.0038	0.4995	0.0002	0.5000	0.0004	0.5003	0.0001	0.5039	0.0008	0.5044	0.0259	0.6993	0.0038	0.5053	0.0056	0.5000	0.0003
human	fault_detection/test_ood/packet_loss@0.15	3.0000	0.7904	0.0023	0.9579	0.0016	0.4993	0.0001	0.4999	0.0004	0.5004	0.0005	0.5076	0.0015	0.5003	0.0072	0.9579	0.0016	0.4567	0.0061	0.4999	0.0003
human	fault_detection/test_ood/packet_loss@0.30	3.0000	0.9138	0.0046	0.9999	0.0001	0.4992	0.0002	0.5000	0.0005	0.5012	0.0007	0.5139	0.0027	0.5097	0.0148	0.9999	0.0001	0.3152	0.0060	0.5007	0.0003
human	fault_detection/test_ood/packet_loss_burst	37.0000	0.8287	0.0792	0.9215	0.0183	0.4993	0.0014	0.4998	0.0011	0.5017	0.0009	0.5061	0.0032	0.5001	0.0119	0.9215	0.0183	0.0611	0.0210	0.5013	0.0014
human	fault_detection/test_ood/packet_loss_burst@0.05	3.0000	0.5604	0.0083	0.6997	0.0040	0.4999	0.0005	0.5002	0.0007	0.5006	0.0003	0.5042	0.0009	0.4987	0.0103	0.6997	0.0040	0.3557	0.0110	0.5008	0.0004
human	fault_detection/test_ood/packet_loss_burst@0.15	3.0000	0.7594	0.0038	0.9247	0.0050	0.4990	0.0010	0.5009	0.0016	0.5003	0.0016	0.5088	0.0028	0.5087	0.0090	0.9247	0.0050	0.0509	0.0075	0.5004	0.0011
human	fault_detection/test_ood/packet_loss_partial	37.0000	0.9050	0.0841	0.9995	0.0014	0.4995	0.0006	0.4999	0.0005	0.5012	0.0009	0.5045	0.0023	0.5013	0.0144	0.9595	0.0168	0.9995	0.0014	0.5002	0.0006
human	fault_detection/test_ood/packet_loss_partial@0.15	3.0000	0.8128	0.0040	1.0000	0.0000	0.4994	0.0002	0.5001	0.0001	0.5011	0.0002	0.5073	0.0007	0.5000	0.0082	0.9606	0.0005	1.0000	0.0000	0.5001	0.0006
human	fault_detection/test_ood/sensor_delay	37.0000	0.7218	0.1633	0.9829	0.0138	0.4796	0.0172	0.5079	0.0143	0.5310	0.0127	0.5269	0.0105	0.4957	0.0225	0.4988	0.0014	0.9829	0.0138	0.5057	0.0039
human	fault_detection/test_ood/sensor_delay@10	3.0000	0.7735	0.0055	0.9890	0.0000	0.4800	0.0020	0.5152	0.0031	0.5447	0.0049	0.5389	0.0046	0.4984	0.0032	0.4983	0.0001	0.9890	0.0000	0.5044	0.0005
human	fault_detection/test_ood/sensor_delay@20	3.0000	0.7883	0.0069	0.9766	0.0000	0.4716	0.0027	0.5299	0.0124	0.5934	0.0104	0.5859	0.0089	0.5172	0.0057	0.4982	0.0003	0.9766	0.0000	0.5226	0.0005
human	fault_detection/test_ood/sensor_delay@5	3.0000	0.7515	0.0080	0.9749	0.0000	0.4883	0.0018	0.5065	0.0003	0.5171	0.0022	0.5139	0.0017	0.5041	0.0092	0.4988	0.0002	0.9749	0.0000	0.5010	0.0004
human	fault_detection/test_ood/sensor_delay_jitter	37.0000	0.7086	0.1499	0.9568	0.0214	0.4783	0.0189	0.5073	0.0142	0.5349	0.0132	0.5305	0.0109	0.4976	0.0149	0.4990	0.0016	0.9568	0.0214	0.5058	0.0042
human	fault_detection/test_ood/sensor_delay_jitter@10	3.0000	0.7619	0.0081	0.9608	0.0021	0.4809	0.0022	0.5153	0.0037	0.5462	0.0077	0.5413	0.0070	0.4923	0.0083	0.4983	0.0004	0.9608	0.0021	0.5060	0.0006
human	fault_detection/test_ood/sensor_delay_jitter@20	3.0000	0.7940	0.0070	0.9769	0.0052	0.4723	0.0035	0.5308	0.0102	0.5935	0.0092	0.5866	0.0086	0.5241	0.0166	0.4985	0.0002	0.9769	0.0052	0.5224	0.0025
human	fault_detection/test_ood/stuck_imu	37.0000	0.9318	0.0826	1.0000	0.0000	0.4843	0.0137	0.5070	0.0085	0.4742	0.0113	0.4733	0.0105	0.5027	0.0200	0.9937	0.0099	1.0000	0.0000	0.4994	0.0009
human	fault_detection/train/encoder_dropout	37.0000	0.9338	0.0200	0.9411	0.0119	0.6003	0.1262	0.4441	0.1381	0.8379	0.0484	0.8126	0.0446	0.5289	0.0962	0.9377	0.0016	0.5000	0.0000	0.4606	0.0011
human	fault_detection/train/imu_bias	37.0000	0.5067	0.0104	0.5338	0.0142	0.5318	0.0167	0.4632	0.0264	0.5040	0.0022	0.5036	0.0018	0.4893	0.0074	0.5010	0.0001	0.5000	0.0000	0.5189	0.0016
human	fault_detection/train/insole_missing	37.0000	0.8002	0.0966	0.8496	0.0594	0.5307	0.1591	0.4206	0.1524	0.8310	0.0706	0.7974	0.0673	0.4348	0.0801	0.8066	0.0060	0.5000	0.0000	0.3658	0.0032
human	fault_detection/train/packet_loss	37.0000	0.8709	0.0431	0.9130	0.0024	0.4997	0.0001	0.5000	0.0001	0.5006	0.0001	0.5040	0.0029	0.4987	0.0024	0.9130	0.0024	0.4754	0.0017	0.5002	0.0001
human	fault_detection/train/packet_loss@0.05	3.0000	0.5617	0.0016	0.7038	0.0011	0.4999	0.0000	0.5000	0.0000	0.5002	0.0000	0.5027	0.0005	0.4988	0.0012	0.7038	0.0011	0.5148	0.0004	0.5000	0.0000
human	fault_detection/train/packet_loss@0.15	3.0000	0.8529	0.0018	0.9121	0.0002	0.4997	0.0001	0.5001	0.0000	0.5006	0.0001	0.5083	0.0013	0.5018	0.0030	0.9121	0.0002	0.4755	0.0018	0.5001	0.0001
human	fault_detection/train/packet_loss@0.30	3.0000	0.9664	0.0012	0.9836	0.0001	0.4993	0.0001	0.5001	0.0000	0.5015	0.0001	0.5179	0.0030	0.5007	0.0010	0.9836	0.0001	0.3451	0.0014	0.5004	0.0001
human	fault_detection/train/packet_loss_burst	37.0000	0.8028	0.0739	0.8861	0.0034	0.4988	0.0004	0.5004	0.0005	0.5031	0.0005	0.5084	0.0045	0.4999	0.0022	0.8861	0.0034	0.0788	0.0023	0.5027	0.0004
human	fault_detection/train/packet_loss_burst@0.05	3.0000	0.5061	0.0010	0.6963	0.0009	0.4997	0.0000	0.5001	0.0000	0.5004	0.0001	0.5042	0.0007	0.4979	0.0043	0.6963	0.0009	0.3815	0.0016	0.5001	0.0001
human	fault_detection/train/packet_loss_burst@0.15	3.0000	0.7650	0.0063	0.8835	0.0024	0.4986	0.0003	0.5009	0.0002	0.5034	0.0002	0.5146	0.0017	0.4981	0.0016	0.8835	0.0024	0.0803	0.0018	0.5026	0.0003
human	fault_detection/train/packet_loss_partial	37.0000	0.9033	0.0255	0.9989	0.0002	0.4997	0.0001	0.5000	0.0001	0.5011	0.0002	0.5039	0.0029	0.4998	0.0018	0.9150	0.0024	0.9989	0.0002	0.5001	0.0001
human	fault_detection/train/packet_loss_partial@0.15	3.0000	0.8785	0.0026	0.9989	0.0000	0.4996	0.0000	0.5001	0.0001	0.5012	0.0001	0.5081	0.0015	0.5004	0.0019	0.9143	0.0003	0.9989	0.0000	0.5001	0.0001
human	fault_detection/train/sensor_delay	37.0000	0.7092	0.1412	0.9385	0.0020	0.4525	0.0300	0.5336	0.0346	0.5644	0.0299	0.5521	0.0245	0.4931	0.0204	0.4987	0.0001	0.9385	0.0020	0.5150	0.0005
human	fault_detection/train/sensor_delay@10	3.0000	0.8048	0.0065	0.9374	0.0000	0.4331	0.0112	0.5741	0.0057	0.5986	0.0090	0.5863	0.0072	0.5064	0.0062	0.4987	0.0000	0.9374	0.0000	0.5152	0.0001
human	fault_detection/train/sensor_delay@20	3.0000	0.8570	0.0069	0.9664	0.0000	0.4008	0.0155	0.6403	0.0068	0.6652	0.0134	0.6507	0.0105	0.5495	0.0103	0.4974	0.0000	0.9664	0.0000	0.5521	0.0002
human	fault_detection/train/sensor_delay@5	3.0000	0.7748	0.0044	0.9355	0.0000	0.4630	0.0056	0.5331	0.0032	0.5440	0.0058	0.5349	0.0045	0.4951	0.0020	0.4994	0.0000	0.9355	0.0000	0.5041	0.0000
human	fault_detection/train/sensor_delay_jitter	37.0000	0.7026	0.1366	0.9216	0.0030	0.4521	0.0312	0.5347	0.0355	0.5733	0.0271	0.5610	0.0221	0.4965	0.0209	0.4988	0.0002	0.9216	0.0030	0.5162	0.0008
human	fault_detection/train/sensor_delay_jitter@10	3.0000	0.7997	0.0068	0.9233	0.0014	0.4366	0.0108	0.5758	0.0049	0.6047	0.0087	0.5924	0.0066	0.5134	0.0046	0.4987	0.0001	0.9233	0.0014	0.5168	0.0004
human	fault_detection/train/sensor_delay_jitter@20	3.0000	0.8481	0.0076	0.9540	0.0010	0.4027	0.0141	0.6365	0.0051	0.6692	0.0123	0.6544	0.0100	0.5505	0.0073	0.4977	0.0000	0.9540	0.0010	0.5579	0.0012
human	fault_detection/train/stuck_imu	37.0000	0.9599	0.0119	1.0000	0.0000	0.4751	0.0451	0.5291	0.0325	0.6170	0.0345	0.6008	0.0311	0.5168	0.0271	0.9657	0.0014	1.0000	0.0000	0.4873	0.0004
human	fault_detection/val/encoder_dropout	37.0000	0.9257	0.0177	0.9388	0.0120	0.6167	0.1182	0.4447	0.1380	0.7985	0.0678	0.7751	0.0663	0.5322	0.0844	0.9371	0.0109	0.4999	0.0001	0.4712	0.0236
human	fault_detection/val/imu_bias	37.0000	0.5081	0.0122	0.5362	0.0124	0.5339	0.0149	0.4612	0.0293	0.5030	0.0035	0.5031	0.0032	0.4908	0.0099	0.5015	0.0004	0.4999	0.0003	0.5155	0.0048
human	fault_detection/val/insole_missing	37.0000	0.8099	0.0923	0.8669	0.0512	0.5541	0.1583	0.3914	0.1455	0.8077	0.1104	0.7750	0.1094	0.4245	0.0807	0.8458	0.0330	0.4999	0.0001	0.3307	0.0403
human	fault_detection/val/packet_loss	37.0000	0.8383	0.0654	0.9198	0.0141	0.4995	0.0002	0.5000	0.0003	0.5009	0.0005	0.5050	0.0031	0.4972	0.0072	0.9198	0.0141	0.4764	0.0078	0.5003	0.0005
human	fault_detection/val/packet_loss@0.05	3.0000	0.5353	0.0032	0.7272	0.0018	0.4998	0.0002	0.5000	0.0001	0.5001	0.0001	0.5035	0.0005	0.5033	0.0044	0.7272	0.0018	0.5202	0.0024	0.5001	0.0000
human	fault_detection/val/packet_loss@0.15	3.0000	0.7698	0.0068	0.9203	0.0012	0.4994	0.0002	0.5001	0.0003	0.5007	0.0002	0.5091	0.0014	0.5015	0.0049	0.9203	0.0012	0.4756	0.0028	0.5004	0.0007
human	fault_detection/val/packet_loss@0.30	3.0000	0.9355	0.0020	0.9667	0.0003	0.4990	0.0001	0.5000	0.0001	0.5016	0.0002	0.5187	0.0030	0.4964	0.0029	0.9667	0.0003	0.3484	0.0032	0.5005	0.0004
human	fault_detection/val/packet_loss_burst	37.0000	0.7572	0.0983	0.8962	0.0181	0.4986	0.0007	0.5003	0.0007	0.5028	0.0010	0.5087	0.0045	0.4994	0.0073	0.8962	0.0181	0.0769	0.0134	0.5041	0.0017
human	fault_detection/val/packet_loss_burst@0.05	3.0000	0.4552	0.0030	0.7226	0.0038	0.4999	0.0002	0.5002	0.0001	0.5005	0.0003	0.5050	0.0009	0.4957	0.0086	0.7226	0.0038	0.3761	0.0056	0.5005	0.0006
human	fault_detection/val/packet_loss_burst@0.15	3.0000	0.6665	0.0176	0.9003	0.0012	0.4986	0.0001	0.5009	0.0004	0.5028	0.0004	0.5150	0.0020	0.4963	0.0032	0.9003	0.0012	0.0754	0.0015	0.5030	0.0023
human	fault_detection/val/packet_loss_partial	37.0000	0.9107	0.0305	0.9995	0.0012	0.4994	0.0003	0.5000	0.0004	0.5015	0.0005	0.5049	0.0028	0.4976	0.0074	0.9220	0.0143	0.9995	0.0012	0.5003	0.0004
human	fault_detection/val/packet_loss_partial@0.15	3.0000	0.8775	0.0031	0.9997	0.0002	0.4997	0.0001	0.5002	0.0002	0.5014	0.0003	0.5087	0.0014	0.5020	0.0028	0.9225	0.0004	0.9997	0.0002	0.5002	0.0001
human	fault_detection/val/sensor_delay	37.0000	0.7429	0.1609	0.9495	0.0141	0.4562	0.0274	0.5336	0.0289	0.5635	0.0289	0.5521	0.0245	0.4951	0.0218	0.5001	0.0016	0.9495	0.0141	0.5141	0.0035
human	fault_detection/val/sensor_delay@10	3.0000	0.8402	0.0059	0.9529	0.0000	0.4428	0.0124	0.5660	0.0063	0.5945	0.0080	0.5838	0.0067	0.5127	0.0085	0.5009	0.0001	0.9529	0.0000	0.5136	0.0001
human	fault_detection/val/sensor_delay@20	3.0000	0.8676	0.0043	0.9677	0.0000	0.4127	0.0202	0.6191	0.0065	0.6625	0.0122	0.6482	0.0100	0.5479	0.0103	0.5011	0.0001	0.9677	0.0000	0.5403	0.0002
human	fault_detection/val/sensor_delay@5	3.0000	0.8108	0.0023	0.9410	0.0000	0.4696	0.0051	0.5310	0.0039	0.5421	0.0050	0.5340	0.0036	0.4949	0.0054	0.5006	0.0000	0.9410	0.0000	0.5061	0.0002
human	fault_detection/val/sensor_delay_jitter	37.0000	0.7311	0.1531	0.9325	0.0137	0.4553	0.0286	0.5337	0.0289	0.5716	0.0271	0.5602	0.0229	0.4962	0.0263	0.5001	0.0014	0.9325	0.0137	0.5144	0.0047
human	fault_detection/val/sensor_delay_jitter@10	3.0000	0.8278	0.0086	0.9369	0.0071	0.4451	0.0111	0.5664	0.0049	0.6021	0.0093	0.5911	0.0076	0.5128	0.0062	0.5011	0.0002	0.9369	0.0071	0.5145	0.0011
human	fault_detection/val/sensor_delay_jitter@20	3.0000	0.8706	0.0041	0.9714	0.0029	0.4130	0.0212	0.6164	0.0087	0.6653	0.0095	0.6515	0.0071	0.5528	0.0170	0.5010	0.0002	0.9714	0.0029	0.5434	0.0021
human	fault_detection/val/stuck_imu	37.0000	0.9507	0.0179	1.0000	0.0000	0.4759	0.0363	0.5261	0.0322	0.6121	0.0365	0.5969	0.0331	0.5147	0.0300	0.9584	0.0115	1.0000	0.0000	0.4879	0.0044
human	ood_detection/clean	40.0000	0.6752	0.0781	0.7210	0.0360	0.5068	0.1013	0.6343	0.1414	0.6515	0.0697	0.6348	0.0643	0.6770	0.0742	0.5678	0.0440	0.5525	0.0373	0.6652	0.0298
human_desired	fault_detection/test_id/encoder_dropout	1.0000	0.9483	0.0000	0.9411	0.0000	0.6512	0.0000	0.4546	0.0000	0.8749	0.0000	0.8609	0.0000	0.5493	0.0000	0.9411	0.0000	0.4999	0.0000	0.4946	0.0000
human_desired	fault_detection/test_id/imu_bias	1.0000	0.5013	0.0000	0.5312	0.0000	0.5312	0.0000	0.4630	0.0000	0.5048	0.0000	0.5055	0.0000	0.4762	0.0000	0.5021	0.0000	0.5002	0.0000	0.5128	0.0000
human_desired	fault_detection/test_id/insole_missing	1.0000	0.9266	0.0000	0.9464	0.0000	0.4862	0.0000	0.4969	0.0000	0.9464	0.0000	0.9329	0.0000	0.4477	0.0000	0.8451	0.0000	0.4999	0.0000	0.3487	0.0000
human_desired	fault_detection/test_id/packet_loss	1.0000	0.8686	0.0000	0.9370	0.0000	0.4995	0.0000	0.5002	0.0000	0.5010	0.0000	0.5087	0.0000	0.4920	0.0000	0.9370	0.0000	0.4820	0.0000	0.5000	0.0000
human_desired	fault_detection/test_id/packet_loss_burst	1.0000	0.7410	0.0000	0.9187	0.0000	0.4977	0.0000	0.5013	0.0000	0.5029	0.0000	0.5150	0.0000	0.5030	0.0000	0.9187	0.0000	0.0662	0.0000	0.5004	0.0000
human_desired	fault_detection/test_id/packet_loss_partial	1.0000	0.9111	0.0000	1.0000	0.0000	0.4995	0.0000	0.5001	0.0000	0.5014	0.0000	0.5081	0.0000	0.5026	0.0000	0.9391	0.0000	1.0000	0.0000	0.5003	0.0000
human_desired	fault_detection/test_id/sensor_delay	1.0000	0.8712	0.0000	0.9531	0.0000	0.4614	0.0000	0.5370	0.0000	0.5909	0.0000	0.5802	0.0000	0.4964	0.0000	0.4975	0.0000	0.9531	0.0000	0.5091	0.0000
human_desired	fault_detection/test_id/sensor_delay_jitter	1.0000	0.8588	0.0000	0.9366	0.0000	0.4610	0.0000	0.5396	0.0000	0.6066	0.0000	0.5950	0.0000	0.4981	0.0000	0.4973	0.0000	0.9366	0.0000	0.5118	0.0000
human_desired	fault_detection/test_id/stuck_imu	1.0000	0.9546	0.0000	1.0000	0.0000	0.4805	0.0000	0.5300	0.0000	0.6677	0.0000	0.6540	0.0000	0.5105	0.0000	0.9587	0.0000	1.0000	0.0000	0.4930	0.0000
human_desired	fault_detection/test_ood/encoder_dropout	1.0000	0.8976	0.0000	0.9667	0.0000	0.6435	0.0000	0.4292	0.0000	0.6869	0.0000	0.6737	0.0000	0.4710	0.0000	0.9667	0.0000	0.5006	0.0000	0.4951	0.0000
human_desired	fault_detection/test_ood/imu_bias	1.0000	0.5012	0.0000	0.5455	0.0000	0.5455	0.0000	0.4666	0.0000	0.5059	0.0000	0.5063	0.0000	0.4842	0.0000	0.5020	0.0000	0.5005	0.0000	0.5001	0.0000
human_desired	fault_detection/test_ood/insole_missing	1.0000	0.8595	0.0000	0.8338	0.0000	0.4773	0.0000	0.4462	0.0000	0.8338	0.0000	0.8110	0.0000	0.3868	0.0000	0.8195	0.0000	0.5006	0.0000	0.3599	0.0000
human_desired	fault_detection/test_ood/packet_loss	1.0000	0.8022	0.0000	0.9598	0.0000	0.4999	0.0000	0.5002	0.0000	0.5012	0.0000	0.5073	0.0000	0.5100	0.0000	0.9598	0.0000	0.4568	0.0000	0.5003	0.0000
human_desired	fault_detection/test_ood/packet_loss_burst	1.0000	0.7610	0.0000	0.9183	0.0000	0.5007	0.0000	0.4992	0.0000	0.5003	0.0000	0.5081	0.0000	0.4923	0.0000	0.9183	0.0000	0.0450	0.0000	0.5011	0.0000
human_desired	fault_detection/test_ood/packet_loss_partial	1.0000	0.8138	0.0000	1.0000	0.0000	0.5000	0.0000	0.4994	0.0000	0.5008	0.0000	0.5068	0.0000	0.4920	0.0000	0.9605	0.0000	1.0000	0.0000	0.5004	0.0000
human_desired	fault_detection/test_ood/sensor_delay	1.0000	0.7460	0.0000	0.9890	0.0000	0.4901	0.0000	0.5036	0.0000	0.5296	0.0000	0.5259	0.0000	0.5131	0.0000	0.4980	0.0000	0.9890	0.0000	0.5091	0.0000
human_desired	fault_detection/test_ood/sensor_delay_jitter	1.0000	0.7387	0.0000	0.9543	0.0000	0.4920	0.0000	0.5043	0.0000	0.5376	0.0000	0.5332	0.0000	0.4913	0.0000	0.4980	0.0000	0.9543	0.0000	0.5070	0.0000
human_desired	fault_detection/test_ood/stuck_imu	1.0000	0.8403	0.0000	1.0000	0.0000	0.4884	0.0000	0.5065	0.0000	0.4627	0.0000	0.4621	0.0000	0.5034	0.0000	0.9939	0.0000	1.0000	0.0000	0.4998	0.0000
human_desired	fault_detection/train/encoder_dropout	1.0000	0.9440	0.0000	0.9031	0.0000	0.6088	0.0000	0.4769	0.0000	0.9031	0.0000	0.8888	0.0000	0.5614	0.0000	0.9023	0.0000	0.5000	0.0000	0.4816	0.0000
human_desired	fault_detection/train/imu_bias	1.0000	0.5025	0.0000	0.5283	0.0000	0.5283	0.0000	0.4625	0.0000	0.5030	0.0000	0.5038	0.0000	0.4838	0.0000	0.5008	0.0000	0.5000	0.0000	0.5135	0.0000
human_desired	fault_detection/train/insole_missing	1.0000	0.8777	0.0000	0.9105	0.0000	0.4819	0.0000	0.4754	0.0000	0.9105	0.0000	0.8882	0.0000	0.4418	0.0000	0.7597	0.0000	0.5000	0.0000	0.3938	0.0000
human_desired	fault_detection/train/packet_loss	1.0000	0.8435	0.0000	0.8873	0.0000	0.4997	0.0000	0.5001	0.0000	0.5006	0.0000	0.5079	0.0000	0.4971	0.0000	0.8873	0.0000	0.4760	0.0000	0.5000	0.0000
human_desired	fault_detection/train/packet_loss_burst	1.0000	0.7720	0.0000	0.8592	0.0000	0.4988	0.0000	0.5010	0.0000	0.5037	0.0000	0.5150	0.0000	0.4972	0.0000	0.8592	0.0000	0.0781	0.0000	0.5015	0.0000
human_desired	fault_detection/train/packet_loss_partial	1.0000	0.8585	0.0000	0.9988	0.0000	0.4997	0.0000	0.5001	0.0000	0.5012	0.0000	0.5077	0.0000	0.4989	0.0000	0.8885	0.0000	0.9988	0.0000	0.4999	0.0000
human_desired	fault_detection/train/sensor_delay	1.0000	0.7497	0.0000	0.9374	0.0000	0.4467	0.0000	0.5498	0.0000	0.5814	0.0000	0.5705	0.0000	0.4907	0.0000	0.4989	0.0000	0.9374	0.0000	0.5118	0.0000
human_desired	fault_detection/train/sensor_delay_jitter	1.0000	0.7486	0.0000	0.9234	0.0000	0.4475	0.0000	0.5511	0.0000	0.5920	0.0000	0.5807	0.0000	0.4960	0.0000	0.4987	0.0000	0.9234	0.0000	0.5126	0.0000
human_desired	fault_detection/train/stuck_imu	1.0000	0.9454	0.0000	1.0000	0.0000	0.4792	0.0000	0.5324	0.0000	0.6562	0.0000	0.6438	0.0000	0.5125	0.0000	0.9429	0.0000	1.0000	0.0000	0.4920	0.0000
human_desired	fault_detection/val/encoder_dropout	1.0000	0.9101	0.0000	0.9268	0.0000	0.6353	0.0000	0.4935	0.0000	0.8399	0.0000	0.8261	0.0000	0.5762	0.0000	0.9268	0.0000	0.4999	0.0000	0.4873	0.0000
human_desired	fault_detection/val/imu_bias	1.0000	0.5009	0.0000	0.5307	0.0000	0.5307	0.0000	0.4624	0.0000	0.5034	0.0000	0.5040	0.0000	0.4889	0.0000	0.5013	0.0000	0.4999	0.0000	0.5125	0.0000
human_desired	fault_detection/val/insole_missing	1.0000	0.8752	0.0000	0.8930	0.0000	0.5330	0.0000	0.4286	0.0000	0.8930	0.0000	0.8719	0.0000	0.4417	0.0000	0.8504	0.0000	0.4999	0.0000	0.3383	0.0000
human_desired	fault_detection/val/packet_loss	1.0000	0.7921	0.0000	0.9239	0.0000	0.4995	0.0000	0.5000	0.0000	0.5009	0.0000	0.5091	0.0000	0.5049	0.0000	0.9239	0.0000	0.4727	0.0000	0.5005	0.0000
human_desired	fault_detection/val/packet_loss_burst	1.0000	0.6667	0.0000	0.8991	0.0000	0.4984	0.0000	0.5010	0.0000	0.5036	0.0000	0.5160	0.0000	0.5034	0.0000	0.8991	0.0000	0.0839	0.0000	0.5026	0.0000
human_desired	fault_detection/val/packet_loss_partial	1.0000	0.8745	0.0000	0.9997	0.0000	0.4994	0.0000	0.5005	0.0000	0.5014	0.0000	0.5091	0.0000	0.4876	0.0000	0.9248	0.0000	0.9997	0.0000	0.5007	0.0000
human_desired	fault_detection/val/sensor_delay	1.0000	0.8245	0.0000	0.9529	0.0000	0.4572	0.0000	0.5447	0.0000	0.5771	0.0000	0.5683	0.0000	0.4941	0.0000	0.5008	0.0000	0.9529	0.0000	0.5137	0.0000
human_desired	fault_detection/val/sensor_delay_jitter	1.0000	0.8193	0.0000	0.9444	0.0000	0.4576	0.0000	0.5440	0.0000	0.5876	0.0000	0.5783	0.0000	0.5040	0.0000	0.5010	0.0000	0.9444	0.0000	0.5121	0.0000
human_desired	fault_detection/val/stuck_imu	1.0000	0.9301	0.0000	1.0000	0.0000	0.4850	0.0000	0.5342	0.0000	0.6542	0.0000	0.6420	0.0000	0.5129	0.0000	0.9517	0.0000	1.0000	0.0000	0.4895	0.0000
human_desired	ood_detection/clean	1.0000	0.7093	0.0000	0.7487	0.0000	0.5454	0.0000	0.6697	0.0000	0.7487	0.0000	0.7397	0.0000	0.6693	0.0000	0.5630	0.0000	0.5624	0.0000	0.6785	0.0000
human_execution	fault_detection/test_id/encoder_dropout	1.0000	0.9441	0.0000	0.9383	0.0000	0.6068	0.0000	0.4760	0.0000	0.8622	0.0000	0.8474	0.0000	0.5219	0.0000	0.9383	0.0000	0.4999	0.0000	0.4961	0.0000
human_execution	fault_detection/test_id/imu_bias	1.0000	0.5006	0.0000	0.5326	0.0000	0.5326	0.0000	0.4640	0.0000	0.5066	0.0000	0.5063	0.0000	0.4930	0.0000	0.5020	0.0000	0.4999	0.0000	0.5115	0.0000
human_execution	fault_detection/test_id/insole_missing	1.0000	0.9364	0.0000	0.9672	0.0000	0.5276	0.0000	0.4906	0.0000	0.9672	0.0000	0.9570	0.0000	0.4818	0.0000	0.8359	0.0000	0.4999	0.0000	0.3586	0.0000
human_execution	fault_detection/test_id/packet_loss	1.0000	0.8810	0.0000	0.9391	0.0000	0.4995	0.0000	0.5000	0.0000	0.5008	0.0000	0.5087	0.0000	0.4955	0.0000	0.9391	0.0000	0.4820	0.0000	0.4999	0.0000
human_execution	fault_detection/test_id/packet_loss_burst	1.0000	0.7504	0.0000	0.9213	0.0000	0.4981	0.0000	0.5015	0.0000	0.5027	0.0000	0.5152	0.0000	0.4975	0.0000	0.9213	0.0000	0.0662	0.0000	0.5000	0.0000
human_execution	fault_detection/test_id/packet_loss_partial	1.0000	0.9190	0.0000	1.0000	0.0000	0.4995	0.0000	0.5002	0.0000	0.5011	0.0000	0.5084	0.0000	0.5070	0.0000	0.9406	0.0000	1.0000	0.0000	0.5001	0.0000
human_execution	fault_detection/test_id/sensor_delay	1.0000	0.8745	0.0000	0.9530	0.0000	0.4585	0.0000	0.5502	0.0000	0.5997	0.0000	0.5880	0.0000	0.4951	0.0000	0.4974	0.0000	0.9530	0.0000	0.5081	0.0000
human_execution	fault_detection/test_id/sensor_delay_jitter	1.0000	0.8625	0.0000	0.9366	0.0000	0.4599	0.0000	0.5498	0.0000	0.6139	0.0000	0.6028	0.0000	0.5129	0.0000	0.4974	0.0000	0.9366	0.0000	0.5103	0.0000
human_execution	fault_detection/test_id/stuck_imu	1.0000	0.9543	0.0000	1.0000	0.0000	0.4873	0.0000	0.5380	0.0000	0.6603	0.0000	0.6487	0.0000	0.5306	0.0000	0.9555	0.0000	1.0000	0.0000	0.4942	0.0000
human_execution	fault_detection/test_ood/encoder_dropout	1.0000	0.8744	0.0000	0.9572	0.0000	0.5828	0.0000	0.4321	0.0000	0.6650	0.0000	0.6499	0.0000	0.4634	0.0000	0.9572	0.0000	0.5004	0.0000	0.4963	0.0000
human_execution	fault_detection/test_ood/imu_bias	1.0000	0.5029	0.0000	0.5521	0.0000	0.5521	0.0000	0.4721	0.0000	0.5059	0.0000	0.5078	0.0000	0.4701	0.0000	0.5022	0.0000	0.4999	0.0000	0.4999	0.0000
human_execution	fault_detection/test_ood/insole_missing	1.0000	0.8696	0.0000	0.8656	0.0000	0.4886	0.0000	0.4735	0.0000	0.8656	0.0000	0.8459	0.0000	0.4086	0.0000	0.8085	0.0000	0.5004	0.0000	0.3803	0.0000
human_execution	fault_detection/test_ood/packet_loss	1.0000	0.8004	0.0000	0.9651	0.0000	0.4994	0.0000	0.5002	0.0000	0.5006	0.0000	0.5072	0.0000	0.4954	0.0000	0.9651	0.0000	0.4571	0.0000	0.5007	0.0000
human_execution	fault_detection/test_ood/packet_loss_burst	1.0000	0.7593	0.0000	0.9245	0.0000	0.4989	0.0000	0.4993	0.0000	0.4998	0.0000	0.5079	0.0000	0.4846	0.0000	0.9245	0.0000	0.0451	0.0000	0.5010	0.0000
human_execution	fault_detection/test_ood/packet_loss_partial	1.0000	0.8138	0.0000	1.0000	0.0000	0.4991	0.0000	0.5006	0.0000	0.5009	0.0000	0.5071	0.0000	0.4988	0.0000	0.9656	0.0000	1.0000	0.0000	0.5008	0.0000
human_execution	fault_detection/test_ood/sensor_delay	1.0000	0.7612	0.0000	0.9890	0.0000	0.4911	0.0000	0.5072	0.0000	0.5327	0.0000	0.5280	0.0000	0.5252	0.0000	0.4981	0.0000	0.9890	0.0000	0.5084	0.0000
human_execution	fault_detection/test_ood/sensor_delay_jitter	1.0000	0.7517	0.0000	0.9543	0.0000	0.4941	0.0000	0.5069	0.0000	0.5404	0.0000	0.5372	0.0000	0.5206	0.0000	0.4977	0.0000	0.9543	0.0000	0.5070	0.0000
human_execution	fault_detection/test_ood/stuck_imu	1.0000	0.8267	0.0000	1.0000	0.0000	0.4821	0.0000	0.5118	0.0000	0.4606	0.0000	0.4609	0.0000	0.4998	0.0000	0.9913	0.0000	1.0000	0.0000	0.4997	0.0000
human_execution	fault_detection/train/encoder_dropout	1.0000	0.9258	0.0000	0.8896	0.0000	0.5769	0.0000	0.4959	0.0000	0.8896	0.0000	0.8751	0.0000	0.5410	0.0000	0.8813	0.0000	0.5000	0.0000	0.4755	0.0000
human_execution	fault_detection/train/imu_bias	1.0000	0.5014	0.0000	0.5319	0.0000	0.5319	0.0000	0.4617	0.0000	0.5046	0.0000	0.5043	0.0000	0.4884	0.0000	0.5008	0.0000	0.4999	0.0000	0.5137	0.0000
human_execution	fault_detection/train/insole_missing	1.0000	0.8946	0.0000	0.9361	0.0000	0.5151	0.0000	0.4792	0.0000	0.9361	0.0000	0.9185	0.0000	0.4770	0.0000	0.7403	0.0000	0.5000	0.0000	0.3851	0.0000
human_execution	fault_detection/train/packet_loss	1.0000	0.8401	0.0000	0.8800	0.0000	0.4997	0.0000	0.5000	0.0000	0.5005	0.0000	0.5080	0.0000	0.4972	0.0000	0.8800	0.0000	0.4761	0.0000	0.5001	0.0000
human_execution	fault_detection/train/packet_loss_burst	1.0000	0.7750	0.0000	0.8527	0.0000	0.4988	0.0000	0.5012	0.0000	0.5033	0.0000	0.5148	0.0000	0.4975	0.0000	0.8527	0.0000	0.0781	0.0000	0.5019	0.0000
human_execution	fault_detection/train/packet_loss_partial	1.0000	0.8521	0.0000	0.9989	0.0000	0.4997	0.0000	0.5000	0.0000	0.5011	0.0000	0.5077	0.0000	0.4986	0.0000	0.8810	0.0000	0.9989	0.0000	0.4999	0.0000
human_execution	fault_detection/train/sensor_delay	1.0000	0.7426	0.0000	0.9374	0.0000	0.4514	0.0000	0.5538	0.0000	0.5898	0.0000	0.5783	0.0000	0.5003	0.0000	0.4990	0.0000	0.9374	0.0000	0.5128	0.0000
human_execution	fault_detection/train/sensor_delay_jitter	1.0000	0.7416	0.0000	0.9234	0.0000	0.4523	0.0000	0.5554	0.0000	0.5986	0.0000	0.5871	0.0000	0.5046	0.0000	0.4989	0.0000	0.9234	0.0000	0.5135	0.0000
human_execution	fault_detection/train/stuck_imu	1.0000	0.9375	0.0000	1.0000	0.0000	0.4793	0.0000	0.5427	0.0000	0.6531	0.0000	0.6412	0.0000	0.5133	0.0000	0.9269	0.0000	1.0000	0.0000	0.4907	0.0000
human_execution	fault_detection/val/encoder_dropout	1.0000	0.8911	0.0000	0.9213	0.0000	0.5946	0.0000	0.5209	0.0000	0.8339	0.0000	0.8194	0.0000	0.5520	0.0000	0.9213	0.0000	0.4999	0.0000	0.4896	0.0000
human_execution	fault_detection/val/imu_bias	1.0000	0.5011	0.0000	0.5353	0.0000	0.5353	0.0000	0.4603	0.0000	0.5047	0.0000	0.5044	0.0000	0.4861	0.0000	0.5012	0.0000	0.5000	0.0000	0.5111	0.0000
human_execution	fault_detection/val/insole_missing	1.0000	0.8870	0.0000	0.9172	0.0000	0.5694	0.0000	0.4269	0.0000	0.9172	0.0000	0.9012	0.0000	0.4564	0.0000	0.8415	0.0000	0.4999	0.0000	0.3476	0.0000
human_execution	fault_detection/val/packet_loss	1.0000	0.8058	0.0000	0.9268	0.0000	0.4993	0.0000	0.5002	0.0000	0.5006	0.0000	0.5092	0.0000	0.4891	0.0000	0.9268	0.0000	0.4727	0.0000	0.5005	0.0000
human_execution	fault_detection/val/packet_loss_burst	1.0000	0.6799	0.0000	0.9025	0.0000	0.4984	0.0000	0.5015	0.0000	0.5037	0.0000	0.5164	0.0000	0.5038	0.0000	0.9025	0.0000	0.0839	0.0000	0.5024	0.0000
human_execution	fault_detection/val/packet_loss_partial	1.0000	0.8753	0.0000	0.9997	0.0000	0.4994	0.0000	0.5002	0.0000	0.5016	0.0000	0.5088	0.0000	0.4977	0.0000	0.9275	0.0000	0.9997	0.0000	0.5007	0.0000
human_execution	fault_detection/val/sensor_delay	1.0000	0.8273	0.0000	0.9529	0.0000	0.4617	0.0000	0.5510	0.0000	0.5848	0.0000	0.5746	0.0000	0.5101	0.0000	0.5008	0.0000	0.9529	0.0000	0.5123	0.0000
human_execution	fault_detection/val/sensor_delay_jitter	1.0000	0.8225	0.0000	0.9444	0.0000	0.4612	0.0000	0.5506	0.0000	0.5937	0.0000	0.5832	0.0000	0.5055	0.0000	0.5009	0.0000	0.9444	0.0000	0.5111	0.0000
human_execution	fault_detection/val/stuck_imu	1.0000	0.9287	0.0000	1.0000	0.0000	0.4881	0.0000	0.5450	0.0000	0.6506	0.0000	0.6393	0.0000	0.5162	0.0000	0.9499	0.0000	1.0000	0.0000	0.4903	0.0000
human_execution	ood_detection/clean	1.0000	0.7327	0.0000	0.7368	0.0000	0.6691	0.0000	0.7220	0.0000	0.7284	0.0000	0.7218	0.0000	0.7368	0.0000	0.5651	0.0000	0.5623	0.0000	0.6826	0.0000
human_interaction	fault_detection/test_id/encoder_dropout	1.0000	0.9410	0.0000	0.9348	0.0000	0.6665	0.0000	0.4487	0.0000	0.8651	0.0000	0.8503	0.0000	0.5384	0.0000	0.9348	0.0000	0.5000	0.0000	0.4964	0.0000
human_interaction	fault_detection/test_id/imu_bias	1.0000	0.5057	0.0000	0.5338	0.0000	0.5338	0.0000	0.4670	0.0000	0.5077	0.0000	0.5069	0.0000	0.4843	0.0000	0.5023	0.0000	0.5001	0.0000	0.5115	0.0000
human_interaction	fault_detection/test_id/insole_missing	1.0000	0.9309	0.0000	0.9616	0.0000	0.5182	0.0000	0.4489	0.0000	0.9616	0.0000	0.9476	0.0000	0.4331	0.0000	0.8262	0.0000	0.5000	0.0000	0.3663	0.0000
human_interaction	fault_detection/test_id/packet_loss	1.0000	0.8939	0.0000	0.9410	0.0000	0.5000	0.0000	0.4999	0.0000	0.5003	0.0000	0.5088	0.0000	0.4955	0.0000	0.9410	0.0000	0.4868	0.0000	0.5000	0.0000
human_interaction	fault_detection/test_id/packet_loss_burst	1.0000	0.7589	0.0000	0.9238	0.0000	0.4980	0.0000	0.5002	0.0000	0.5021	0.0000	0.5149	0.0000	0.4954	0.0000	0.9238	0.0000	0.0667	0.0000	0.5001	0.0000
human_interaction	fault_detection/test_id/packet_loss_partial	1.0000	0.9143	0.0000	1.0000	0.0000	0.4996	0.0000	0.4999	0.0000	0.5017	0.0000	0.5090	0.0000	0.5020	0.0000	0.9418	0.0000	1.0000	0.0000	0.4998	0.0000
human_interaction	fault_detection/test_id/sensor_delay	1.0000	0.8723	0.0000	0.9530	0.0000	0.4595	0.0000	0.5441	0.0000	0.5963	0.0000	0.5845	0.0000	0.5055	0.0000	0.4975	0.0000	0.9530	0.0000	0.5076	0.0000
human_interaction	fault_detection/test_id/sensor_delay_jitter	1.0000	0.8559	0.0000	0.9357	0.0000	0.4601	0.0000	0.5460	0.0000	0.6074	0.0000	0.5957	0.0000	0.5099	0.0000	0.4971	0.0000	0.9357	0.0000	0.5076	0.0000
human_interaction	fault_detection/test_id/stuck_imu	1.0000	0.9519	0.0000	1.0000	0.0000	0.4882	0.0000	0.5237	0.0000	0.6609	0.0000	0.6477	0.0000	0.5116	0.0000	0.9514	0.0000	1.0000	0.0000	0.4947	0.0000
human_interaction	fault_detection/test_ood/encoder_dropout	1.0000	0.8749	0.0000	0.9473	0.0000	0.6586	0.0000	0.4173	0.0000	0.6573	0.0000	0.6411	0.0000	0.4445	0.0000	0.9473	0.0000	0.5006	0.0000	0.4963	0.0000
human_interaction	fault_detection/test_ood/imu_bias	1.0000	0.5038	0.0000	0.5433	0.0000	0.5433	0.0000	0.4743	0.0000	0.5061	0.0000	0.5063	0.0000	0.4886	0.0000	0.5022	0.0000	0.5001	0.0000	0.4999	0.0000
human_interaction	fault_detection/test_ood/insole_missing	1.0000	0.8868	0.0000	0.8741	0.0000	0.5485	0.0000	0.3949	0.0000	0.8741	0.0000	0.8526	0.0000	0.3786	0.0000	0.7960	0.0000	0.5006	0.0000	0.3903	0.0000
human_interaction	fault_detection/test_ood/packet_loss	1.0000	0.7994	0.0000	0.9710	0.0000	0.4998	0.0000	0.5000	0.0000	0.4996	0.0000	0.5075	0.0000	0.4784	0.0000	0.9710	0.0000	0.4559	0.0000	0.5001	0.0000
human_interaction	fault_detection/test_ood/packet_loss_burst	1.0000	0.7606	0.0000	0.9293	0.0000	0.5003	0.0000	0.4989	0.0000	0.5002	0.0000	0.5095	0.0000	0.4924	0.0000	0.9293	0.0000	0.0448	0.0000	0.5016	0.0000
human_interaction	fault_detection/test_ood/packet_loss_partial	1.0000	0.8081	0.0000	1.0000	0.0000	0.5001	0.0000	0.4999	0.0000	0.5009	0.0000	0.5076	0.0000	0.4875	0.0000	0.9705	0.0000	1.0000	0.0000	0.5009	0.0000
human_interaction	fault_detection/test_ood/sensor_delay	1.0000	0.7432	0.0000	0.9890	0.0000	0.4867	0.0000	0.5066	0.0000	0.5428	0.0000	0.5350	0.0000	0.5149	0.0000	0.4982	0.0000	0.9890	0.0000	0.5088	0.0000
human_interaction	fault_detection/test_ood/sensor_delay_jitter	1.0000	0.7387	0.0000	0.9683	0.0000	0.4903	0.0000	0.5080	0.0000	0.5479	0.0000	0.5396	0.0000	0.5138	0.0000	0.4976	0.0000	0.9683	0.0000	0.5083	0.0000
human_interaction	fault_detection/test_ood/stuck_imu	1.0000	0.8208	0.0000	1.0000	0.0000	0.4846	0.0000	0.5033	0.0000	0.4512	0.0000	0.4527	0.0000	0.5152	0.0000	0.9895	0.0000	1.0000	0.0000	0.4994	0.0000
human_interaction	fault_detection/train/encoder_dropout	1.0000	0.9219	0.0000	0.8913	0.0000	0.6202	0.0000	0.4621	0.0000	0.8913	0.0000	0.8773	0.0000	0.5447	0.0000	0.8632	0.0000	0.5000	0.0000	0.4747	0.0000
human_interaction	fault_detection/train/imu_bias	1.0000	0.5022	0.0000	0.5291	0.0000	0.5291	0.0000	0.4684	0.0000	0.5051	0.0000	0.5048	0.0000	0.4873	0.0000	0.5006	0.0000	0.5000	0.0000	0.5139	0.0000
human_interaction	fault_detection/train/insole_missing	1.0000	0.8724	0.0000	0.9227	0.0000	0.5072	0.0000	0.4367	0.0000	0.9227	0.0000	0.9021	0.0000	0.4277	0.0000	0.7268	0.0000	0.5000	0.0000	0.3876	0.0000
human_interaction	fault_detection/train/packet_loss	1.0000	0.8374	0.0000	0.8776	0.0000	0.4998	0.0000	0.4999	0.0000	0.5006	0.0000	0.5082	0.0000	0.4973	0.0000	0.8776	0.0000	0.4760	0.0000	0.5001	0.0000
human_interaction	fault_detection/train/packet_loss_burst	1.0000	0.7758	0.0000	0.8507	0.0000	0.4991	0.0000	0.5006	0.0000	0.5032	0.0000	0.5150	0.0000	0.4990	0.0000	0.8507	0.0000	0.0781	0.0000	0.5019	0.0000
human_interaction	fault_detection/train/packet_loss_partial	1.0000	0.8461	0.0000	0.9988	0.0000	0.4997	0.0000	0.5000	0.0000	0.5011	0.0000	0.5079	0.0000	0.4980	0.0000	0.8785	0.0000	0.9988	0.0000	0.5000	0.0000
human_interaction	fault_detection/train/sensor_delay	1.0000	0.7404	0.0000	0.9374	0.0000	0.4500	0.0000	0.5528	0.0000	0.5938	0.0000	0.5819	0.0000	0.4961	0.0000	0.4991	0.0000	0.9374	0.0000	0.5127	0.0000
human_interaction	fault_detection/train/sensor_delay_jitter	1.0000	0.7390	0.0000	0.9224	0.0000	0.4500	0.0000	0.5556	0.0000	0.6020	0.0000	0.5901	0.0000	0.5018	0.0000	0.4990	0.0000	0.9224	0.0000	0.5141	0.0000
human_interaction	fault_detection/train/stuck_imu	1.0000	0.9280	0.0000	1.0000	0.0000	0.4762	0.0000	0.5324	0.0000	0.6537	0.0000	0.6411	0.0000	0.5106	0.0000	0.9116	0.0000	1.0000	0.0000	0.4907	0.0000
human_interaction	fault_detection/val/encoder_dropout	1.0000	0.8857	0.0000	0.9157	0.0000	0.6351	0.0000	0.4846	0.0000	0.8334	0.0000	0.8206	0.0000	0.5623	0.0000	0.9157	0.0000	0.5000	0.0000	0.4902	0.0000
human_interaction	fault_detection/val/imu_bias	1.0000	0.5028	0.0000	0.5360	0.0000	0.5360	0.0000	0.4666	0.0000	0.5048	0.0000	0.5048	0.0000	0.4885	0.0000	0.5011	0.0000	0.4999	0.0000	0.5113	0.0000
human_interaction	fault_detection/val/insole_missing	1.0000	0.8733	0.0000	0.9175	0.0000	0.5557	0.0000	0.4139	0.0000	0.9175	0.0000	0.9002	0.0000	0.4228	0.0000	0.8327	0.0000	0.5000	0.0000	0.3558	0.0000
human_interaction	fault_detection/val/packet_loss	1.0000	0.8261	0.0000	0.9290	0.0000	0.4998	0.0000	0.5001	0.0000	0.5010	0.0000	0.5098	0.0000	0.4983	0.0000	0.9290	0.0000	0.4783	0.0000	0.5007	0.0000
human_interaction	fault_detection/val/packet_loss_burst	1.0000	0.6977	0.0000	0.9062	0.0000	0.4988	0.0000	0.5005	0.0000	0.5028	0.0000	0.5167	0.0000	0.4984	0.0000	0.9062	0.0000	0.0832	0.0000	0.5025	0.0000
human_interaction	fault_detection/val/packet_loss_partial	1.0000	0.8781	0.0000	0.9996	0.0000	0.4995	0.0000	0.5000	0.0000	0.5009	0.0000	0.5093	0.0000	0.5006	0.0000	0.9308	0.0000	0.9996	0.0000	0.5007	0.0000
human_interaction	fault_detection/val/sensor_delay	1.0000	0.8291	0.0000	0.9529	0.0000	0.4589	0.0000	0.5466	0.0000	0.5904	0.0000	0.5803	0.0000	0.5073	0.0000	0.5006	0.0000	0.9529	0.0000	0.5120	0.0000
human_interaction	fault_detection/val/sensor_delay_jitter	1.0000	0.8213	0.0000	0.9418	0.0000	0.4589	0.0000	0.5467	0.0000	0.5986	0.0000	0.5885	0.0000	0.5060	0.0000	0.5008	0.0000	0.9418	0.0000	0.5131	0.0000
human_interaction	fault_detection/val/stuck_imu	1.0000	0.9278	0.0000	1.0000	0.0000	0.4876	0.0000	0.5302	0.0000	0.6581	0.0000	0.6451	0.0000	0.5122	0.0000	0.9469	0.0000	1.0000	0.0000	0.4908	0.0000
human_interaction	ood_detection/clean	1.0000	0.7376	0.0000	0.7854	0.0000	0.5950	0.0000	0.6996	0.0000	0.7854	0.0000	0.7737	0.0000	0.7581	0.0000	0.5662	0.0000	0.5623	0.0000	0.6853	0.0000
human_measured	fault_detection/test_id/encoder_dropout	1.0000	0.9508	0.0000	0.9436	0.0000	0.6365	0.0000	0.4909	0.0000	0.8714	0.0000	0.8572	0.0000	0.5584	0.0000	0.9436	0.0000	0.4999	0.0000	0.4967	0.0000
human_measured	fault_detection/test_id/imu_bias	1.0000	0.5031	0.0000	0.5313	0.0000	0.5313	0.0000	0.4608	0.0000	0.5089	0.0000	0.5085	0.0000	0.4783	0.0000	0.5021	0.0000	0.5002	0.0000	0.5100	0.0000
human_measured	fault_detection/test_id/insole_missing	1.0000	0.9128	0.0000	0.9418	0.0000	0.4811	0.0000	0.4912	0.0000	0.9418	0.0000	0.9264	0.0000	0.4459	0.0000	0.8522	0.0000	0.4999	0.0000	0.3729	0.0000
human_measured	fault_detection/test_id/packet_loss	1.0000	0.8844	0.0000	0.9396	0.0000	0.4995	0.0000	0.5001	0.0000	0.5006	0.0000	0.5080	0.0000	0.4910	0.0000	0.9396	0.0000	0.4820	0.0000	0.4999	0.0000
human_measured	fault_detection/test_id/packet_loss_burst	1.0000	0.7550	0.0000	0.9223	0.0000	0.4981	0.0000	0.5009	0.0000	0.5025	0.0000	0.5143	0.0000	0.4968	0.0000	0.9223	0.0000	0.0662	0.0000	0.5002	0.0000
human_measured	fault_detection/test_id/packet_loss_partial	1.0000	0.9194	0.0000	1.0000	0.0000	0.4993	0.0000	0.4999	0.0000	0.5012	0.0000	0.5078	0.0000	0.5022	0.0000	0.9412	0.0000	1.0000	0.0000	0.5000	0.0000
human_measured	fault_detection/test_id/sensor_delay	1.0000	0.8774	0.0000	0.9531	0.0000	0.4602	0.0000	0.5438	0.0000	0.5910	0.0000	0.5805	0.0000	0.5026	0.0000	0.4969	0.0000	0.9531	0.0000	0.5069	0.0000
human_measured	fault_detection/test_id/sensor_delay_jitter	1.0000	0.8633	0.0000	0.9366	0.0000	0.4612	0.0000	0.5449	0.0000	0.6043	0.0000	0.5935	0.0000	0.5048	0.0000	0.4970	0.0000	0.9366	0.0000	0.5094	0.0000
human_measured	fault_detection/test_id/stuck_imu	1.0000	0.9608	0.0000	1.0000	0.0000	0.4877	0.0000	0.5226	0.0000	0.6585	0.0000	0.6467	0.0000	0.5166	0.0000	0.9623	0.0000	1.0000	0.0000	0.4954	0.0000
human_measured	fault_detection/test_ood/encoder_dropout	1.0000	0.9001	0.0000	0.9758	0.0000	0.6026	0.0000	0.4576	0.0000	0.6580	0.0000	0.6477	0.0000	0.4388	0.0000	0.9758	0.0000	0.5006	0.0000	0.4971	0.0000
human_measured	fault_detection/test_ood/imu_bias	1.0000	0.5057	0.0000	0.5526	0.0000	0.5526	0.0000	0.4611	0.0000	0.5061	0.0000	0.5076	0.0000	0.4640	0.0000	0.5019	0.0000	0.5005	0.0000	0.5002	0.0000
human_measured	fault_detection/test_ood/insole_missing	1.0000	0.8496	0.0000	0.8340	0.0000	0.4468	0.0000	0.4199	0.0000	0.8285	0.0000	0.8028	0.0000	0.3898	0.0000	0.8340	0.0000	0.5006	0.0000	0.4013	0.0000
human_measured	fault_detection/test_ood/packet_loss	1.0000	0.8153	0.0000	0.9685	0.0000	0.4994	0.0000	0.5000	0.0000	0.5004	0.0000	0.5081	0.0000	0.4993	0.0000	0.9685	0.0000	0.4568	0.0000	0.5008	0.0000
human_measured	fault_detection/test_ood/packet_loss_burst	1.0000	0.7716	0.0000	0.9289	0.0000	0.4994	0.0000	0.5002	0.0000	0.5012	0.0000	0.5101	0.0000	0.5056	0.0000	0.9289	0.0000	0.0450	0.0000	0.5018	0.0000
human_measured	fault_detection/test_ood/packet_loss_partial	1.0000	0.8272	0.0000	1.0000	0.0000	0.4995	0.0000	0.5001	0.0000	0.5012	0.0000	0.5071	0.0000	0.4804	0.0000	0.9692	0.0000	1.0000	0.0000	0.5000	0.0000
human_measured	fault_detection/test_ood/sensor_delay	1.0000	0.7683	0.0000	0.9890	0.0000	0.4889	0.0000	0.5022	0.0000	0.5335	0.0000	0.5298	0.0000	0.4960	0.0000	0.4979	0.0000	0.9890	0.0000	0.5090	0.0000
human_measured	fault_detection/test_ood/sensor_delay_jitter	1.0000	0.7576	0.0000	0.9543	0.0000	0.4928	0.0000	0.5016	0.0000	0.5417	0.0000	0.5373	0.0000	0.5010	0.0000	0.4980	0.0000	0.9543	0.0000	0.5075	0.0000
human_measured	fault_detection/test_ood/stuck_imu	1.0000	0.8563	0.0000	1.0000	0.0000	0.4887	0.0000	0.5045	0.0000	0.4643	0.0000	0.4650	0.0000	0.5009	0.0000	0.9967	0.0000	1.0000	0.0000	0.5000	0.0000
human_measured	fault_detection/train/encoder_dropout	1.0000	0.9471	0.0000	0.9191	0.0000	0.5935	0.0000	0.5194	0.0000	0.8969	0.0000	0.8833	0.0000	0.5717	0.0000	0.9191	0.0000	0.5000	0.0000	0.4753	0.0000
human_measured	fault_detection/train/imu_bias	1.0000	0.5029	0.0000	0.5298	0.0000	0.5298	0.0000	0.4588	0.0000	0.5060	0.0000	0.5060	0.0000	0.4781	0.0000	0.5008	0.0000	0.5000	0.0000	0.5124	0.0000
human_measured	fault_detection/train/insole_missing	1.0000	0.8699	0.0000	0.8959	0.0000	0.4769	0.0000	0.4718	0.0000	0.8959	0.0000	0.8711	0.0000	0.4337	0.0000	0.7794	0.0000	0.5000	0.0000	0.3882	0.0000
human_measured	fault_detection/train/packet_loss	1.0000	0.8628	0.0000	0.9047	0.0000	0.4997	0.0000	0.5001	0.0000	0.5006	0.0000	0.5077	0.0000	0.4962	0.0000	0.9047	0.0000	0.4760	0.0000	0.5001	0.0000
human_measured	fault_detection/train/packet_loss_burst	1.0000	0.7869	0.0000	0.8776	0.0000	0.4988	0.0000	0.5011	0.0000	0.5034	0.0000	0.5143	0.0000	0.4961	0.0000	0.8776	0.0000	0.0781	0.0000	0.5019	0.0000
human_measured	fault_detection/train/packet_loss_partial	1.0000	0.8789	0.0000	0.9988	0.0000	0.4997	0.0000	0.5002	0.0000	0.5011	0.0000	0.5074	0.0000	0.4958	0.0000	0.9062	0.0000	0.9988	0.0000	0.5000	0.0000
human_measured	fault_detection/train/sensor_delay	1.0000	0.7799	0.0000	0.9374	0.0000	0.4481	0.0000	0.5535	0.0000	0.5853	0.0000	0.5741	0.0000	0.4957	0.0000	0.4989	0.0000	0.9374	0.0000	0.5121	0.0000
human_measured	fault_detection/train/sensor_delay_jitter	1.0000	0.7767	0.0000	0.9234	0.0000	0.4487	0.0000	0.5556	0.0000	0.5943	0.0000	0.5830	0.0000	0.5017	0.0000	0.4987	0.0000	0.9234	0.0000	0.5127	0.0000
human_measured	fault_detection/train/stuck_imu	1.0000	0.9531	0.0000	1.0000	0.0000	0.4818	0.0000	0.5271	0.0000	0.6590	0.0000	0.6461	0.0000	0.5113	0.0000	0.9544	0.0000	1.0000	0.0000	0.4911	0.0000
human_measured	fault_detection/val/encoder_dropout	1.0000	0.9152	0.0000	0.9306	0.0000	0.6230	0.0000	0.5405	0.0000	0.8401	0.0000	0.8270	0.0000	0.5940	0.0000	0.9306	0.0000	0.4999	0.0000	0.4917	0.0000
human_measured	fault_detection/val/imu_bias	1.0000	0.5030	0.0000	0.5305	0.0000	0.5305	0.0000	0.4628	0.0000	0.5057	0.0000	0.5058	0.0000	0.4942	0.0000	0.5014	0.0000	0.4999	0.0000	0.5102	0.0000
human_measured	fault_detection/val/insole_missing	1.0000	0.8455	0.0000	0.8842	0.0000	0.5195	0.0000	0.4364	0.0000	0.8842	0.0000	0.8627	0.0000	0.4478	0.0000	0.8568	0.0000	0.4999	0.0000	0.3630	0.0000
human_measured	fault_detection/val/packet_loss	1.0000	0.8071	0.0000	0.9269	0.0000	0.4995	0.0000	0.5000	0.0000	0.5008	0.0000	0.5090	0.0000	0.4900	0.0000	0.9269	0.0000	0.4727	0.0000	0.5003	0.0000
human_measured	fault_detection/val/packet_loss_burst	1.0000	0.6826	0.0000	0.9022	0.0000	0.4985	0.0000	0.5012	0.0000	0.5040	0.0000	0.5158	0.0000	0.5051	0.0000	0.9022	0.0000	0.0839	0.0000	0.5025	0.0000
human_measured	fault_detection/val/packet_loss_partial	1.0000	0.8823	0.0000	0.9997	0.0000	0.4993	0.0000	0.5001	0.0000	0.5017	0.0000	0.5088	0.0000	0.5003	0.0000	0.9277	0.0000	0.9997	0.0000	0.5005	0.0000
human_measured	fault_detection/val/sensor_delay	1.0000	0.8324	0.0000	0.9529	0.0000	0.4579	0.0000	0.5426	0.0000	0.5825	0.0000	0.5735	0.0000	0.4944	0.0000	0.5014	0.0000	0.9529	0.0000	0.5110	0.0000
human_measured	fault_detection/val/sensor_delay_jitter	1.0000	0.8267	0.0000	0.9444	0.0000	0.4577	0.0000	0.5437	0.0000	0.5896	0.0000	0.5811	0.0000	0.4969	0.0000	0.5017	0.0000	0.9444	0.0000	0.5103	0.0000
human_measured	fault_detection/val/stuck_imu	1.0000	0.9343	0.0000	1.0000	0.0000	0.4931	0.0000	0.5219	0.0000	0.6523	0.0000	0.6407	0.0000	0.5164	0.0000	0.9530	0.0000	1.0000	0.0000	0.4916	0.0000
human_measured	ood_detection/clean	1.0000	0.7028	0.0000	0.7451	0.0000	0.6086	0.0000	0.6922	0.0000	0.7451	0.0000	0.7348	0.0000	0.7075	0.0000	0.5598	0.0000	0.5624	0.0000	0.6856	0.0000
