main_run	main_report	main_family	baseline_run	baseline_report	profile	seed	scenario	main_rmse	baseline_rmse	rmse_delta	main_r2	baseline_r2	r2_delta	main_ungated_retained	baseline_ungated_retained	ungated_retained_delta
v2_fc_main_seed13	reports/v2_fc_main_seed13/reliability_report.json	main	v2_fc_baseline_det_seed13	reports/v2_fc_baseline_det_seed13/reliability_report.json	human	13.0000	test_id/clean	0.1710	0.1624	0.0086	0.7739	0.7960	-0.0221	0.8217	0.8136	0.0080
v2_fc_main_seed13	reports/v2_fc_main_seed13/reliability_report.json	main	v2_fc_baseline_det_seed13	reports/v2_fc_baseline_det_seed13/reliability_report.json	human	13.0000	test_ood/clean	0.2538	0.2375	0.0163	0.7020	0.7390	-0.0370	0.7243	0.7706	-0.0464
v2_fc_main_seed13	reports/v2_fc_main_seed13/reliability_report.json	main	v2_fc_baseline_det_seed13	reports/v2_fc_baseline_det_seed13/reliability_report.json	human	13.0000	test_id/insole_missing	0.1961	0.2610	-0.0650	0.7028	0.4733	0.2295	0.6590	0.4191	0.2398
v2_fc_main_seed13	reports/v2_fc_main_seed13/reliability_report.json	main	v2_fc_baseline_det_seed13	reports/v2_fc_baseline_det_seed13/reliability_report.json	human	13.0000	test_id/encoder_dropout	0.2207	0.3018	-0.0812	0.6236	0.2958	0.3278	0.6271	0.4068	0.2204
v2_fc_main_seed13	reports/v2_fc_main_seed13/reliability_report.json	main	v2_fc_baseline_det_seed13	reports/v2_fc_baseline_det_seed13/reliability_report.json	human	13.0000	test_id/imu_bias	0.1710	0.1617	0.0093	0.7739	0.7979	-0.0240	0.7966	0.7983	-0.0016
v2_fc_main_seed13	reports/v2_fc_main_seed13/reliability_report.json	main	v2_fc_baseline_det_seed13	reports/v2_fc_baseline_det_seed13/reliability_report.json	human	13.0000	test_id/packet_loss	0.1714	0.1628	0.0086	0.7729	0.7951	-0.0222	0.8212	0.8132	0.0080
v2_fc_main_seed13	reports/v2_fc_main_seed13/reliability_report.json	main	v2_fc_baseline_det_seed13	reports/v2_fc_baseline_det_seed13/reliability_report.json	human	13.0000	test_id/stuck_imu	0.1759	0.1959	-0.0200	0.7609	0.7035	0.0574	0.7888	0.6778	0.1111
v2_fc_main_seed13	reports/v2_fc_main_seed13/reliability_report.json	main	v2_fc_baseline_det_seed13	reports/v2_fc_baseline_det_seed13/reliability_report.json	human	13.0000	test_id/packet_loss_burst	0.1727	0.1643	0.0084	0.7695	0.7913	-0.0218	0.8187	0.8112	0.0075
v2_fc_main_seed13	reports/v2_fc_main_seed13/reliability_report.json	main	v2_fc_baseline_det_seed13	reports/v2_fc_baseline_det_seed13/reliability_report.json	human	13.0000	test_id/packet_loss_partial	0.1713	0.1628	0.0086	0.7730	0.7952	-0.0221	0.8209	0.8131	0.0078
v2_fc_main_seed13	reports/v2_fc_main_seed13/reliability_report.json	main	v2_fc_baseline_det_seed13	reports/v2_fc_baseline_det_seed13/reliability_report.json	human	13.0000	test_id/sensor_delay	0.2102	0.2467	-0.0364	0.6583	0.5297	0.1287	0.7557	0.7008	0.0549
v2_fc_main_seed13	reports/v2_fc_main_seed13/reliability_report.json	main	v2_fc_baseline_det_seed13	reports/v2_fc_baseline_det_seed13/reliability_report.json	human	13.0000	test_id/sensor_delay_jitter	0.2152	0.2475	-0.0323	0.6421	0.5265	0.1156	0.7547	0.6937	0.0609
v2_fc_main_seed13	reports/v2_fc_main_seed13/reliability_report.json	main	v2_fc_baseline_det_seed13	reports/v2_fc_baseline_det_seed13/reliability_report.json	human	13.0000	test_ood/insole_missing	0.2918	0.3567	-0.0649	0.6061	0.4114	0.1947	0.5686	0.3334	0.2352
v2_fc_main_seed13	reports/v2_fc_main_seed13/reliability_report.json	main	v2_fc_baseline_det_seed13	reports/v2_fc_baseline_det_seed13/reliability_report.json	human	13.0000	test_ood/encoder_dropout	0.3701	0.4406	-0.0705	0.3662	0.1018	0.2643	0.3811	0.2316	0.1495
v2_fc_main_seed13	reports/v2_fc_main_seed13/reliability_report.json	main	v2_fc_baseline_det_seed13	reports/v2_fc_baseline_det_seed13/reliability_report.json	human	13.0000	test_ood/imu_bias	0.2537	0.2417	0.0120	0.7022	0.7297	-0.0275	0.7037	0.7486	-0.0450
v2_fc_main_seed13	reports/v2_fc_main_seed13/reliability_report.json	main	v2_fc_baseline_det_seed13	reports/v2_fc_baseline_det_seed13/reliability_report.json	human	13.0000	test_ood/packet_loss	0.2541	0.2378	0.0163	0.7013	0.7384	-0.0371	0.7239	0.7703	-0.0464
v2_fc_main_seed13	reports/v2_fc_main_seed13/reliability_report.json	main	v2_fc_baseline_det_seed13	reports/v2_fc_baseline_det_seed13/reliability_report.json	human	13.0000	test_ood/stuck_imu	0.2552	0.2458	0.0094	0.6988	0.7205	-0.0217	0.7169	0.7525	-0.0356
v2_fc_main_seed13	reports/v2_fc_main_seed13/reliability_report.json	main	v2_fc_baseline_det_seed13	reports/v2_fc_baseline_det_seed13/reliability_report.json	human	13.0000	test_ood/packet_loss_burst	0.2555	0.2391	0.0164	0.6980	0.7355	-0.0375	0.7224	0.7693	-0.0469
v2_fc_main_seed13	reports/v2_fc_main_seed13/reliability_report.json	main	v2_fc_baseline_det_seed13	reports/v2_fc_baseline_det_seed13/reliability_report.json	human	13.0000	test_ood/packet_loss_partial	0.2541	0.2378	0.0163	0.7014	0.7384	-0.0370	0.7241	0.7705	-0.0464
v2_fc_main_seed13	reports/v2_fc_main_seed13/reliability_report.json	main	v2_fc_baseline_det_seed13	reports/v2_fc_baseline_det_seed13/reliability_report.json	human	13.0000	test_ood/sensor_delay	0.2963	0.3053	-0.0090	0.5938	0.5687	0.0251	0.6737	0.7053	-0.0316
v2_fc_main_seed13	reports/v2_fc_main_seed13/reliability_report.json	main	v2_fc_baseline_det_seed13	reports/v2_fc_baseline_det_seed13/reliability_report.json	human	13.0000	test_ood/sensor_delay_jitter	0.2957	0.3017	-0.0059	0.5954	0.5790	0.0164	0.6725	0.7047	-0.0322
v2_fc_main_seed23	reports/v2_fc_main_seed23/reliability_report.json	main	v2_fc_baseline_det_seed23	reports/v2_fc_baseline_det_seed23/reliability_report.json	human	23.0000	test_id/clean	0.1744	0.1609	0.0134	0.7649	0.7998	-0.0348	0.7899	0.8448	-0.0549
v2_fc_main_seed23	reports/v2_fc_main_seed23/reliability_report.json	main	v2_fc_baseline_det_seed23	reports/v2_fc_baseline_det_seed23/reliability_report.json	human	23.0000	test_ood/clean	0.2550	0.2299	0.0251	0.6992	0.7554	-0.0563	0.7030	0.7984	-0.0954
v2_fc_main_seed23	reports/v2_fc_main_seed23/reliability_report.json	main	v2_fc_baseline_det_seed23	reports/v2_fc_baseline_det_seed23/reliability_report.json	human	23.0000	test_id/insole_missing	0.1975	0.2646	-0.0670	0.6984	0.4589	0.2395	0.6779	0.4084	0.2695
v2_fc_main_seed23	reports/v2_fc_main_seed23/reliability_report.json	main	v2_fc_baseline_det_seed23	reports/v2_fc_baseline_det_seed23/reliability_report.json	human	23.0000	test_id/encoder_dropout	0.2133	0.3025	-0.0892	0.6484	0.2928	0.3556	0.7357	0.3810	0.3547
v2_fc_main_seed23	reports/v2_fc_main_seed23/reliability_report.json	main	v2_fc_baseline_det_seed23	reports/v2_fc_baseline_det_seed23/reliability_report.json	human	23.0000	test_id/imu_bias	0.1766	0.1613	0.0153	0.7589	0.7988	-0.0399	0.7717	0.8262	-0.0545
v2_fc_main_seed23	reports/v2_fc_main_seed23/reliability_report.json	main	v2_fc_baseline_det_seed23	reports/v2_fc_baseline_det_seed23/reliability_report.json	human	23.0000	test_id/packet_loss	0.1747	0.1614	0.0132	0.7642	0.7985	-0.0344	0.7893	0.8439	-0.0547
v2_fc_main_seed23	reports/v2_fc_main_seed23/reliability_report.json	main	v2_fc_baseline_det_seed23	reports/v2_fc_baseline_det_seed23/reliability_report.json	human	23.0000	test_id/stuck_imu	0.1817	0.1949	-0.0132	0.7449	0.7063	0.0385	0.7554	0.7238	0.0316
v2_fc_main_seed23	reports/v2_fc_main_seed23/reliability_report.json	main	v2_fc_baseline_det_seed23	reports/v2_fc_baseline_det_seed23/reliability_report.json	human	23.0000	test_id/packet_loss_burst	0.1758	0.1632	0.0126	0.7609	0.7940	-0.0330	0.7880	0.8424	-0.0544
v2_fc_main_seed23	reports/v2_fc_main_seed23/reliability_report.json	main	v2_fc_baseline_det_seed23	reports/v2_fc_baseline_det_seed23/reliability_report.json	human	23.0000	test_id/packet_loss_partial	0.1746	0.1613	0.0133	0.7644	0.7989	-0.0345	0.7895	0.8442	-0.0547
v2_fc_main_seed23	reports/v2_fc_main_seed23/reliability_report.json	main	v2_fc_baseline_det_seed23	reports/v2_fc_baseline_det_seed23/reliability_report.json	human	23.0000	test_id/sensor_delay	0.2038	0.2530	-0.0492	0.6789	0.5050	0.1739	0.7341	0.7228	0.0113
v2_fc_main_seed23	reports/v2_fc_main_seed23/reliability_report.json	main	v2_fc_baseline_det_seed23	reports/v2_fc_baseline_det_seed23/reliability_report.json	human	23.0000	test_id/sensor_delay_jitter	0.2079	0.2529	-0.0450	0.6658	0.5055	0.1603	0.7351	0.7204	0.0147
v2_fc_main_seed23	reports/v2_fc_main_seed23/reliability_report.json	main	v2_fc_baseline_det_seed23	reports/v2_fc_baseline_det_seed23/reliability_report.json	human	23.0000	test_ood/insole_missing	0.2899	0.3664	-0.0765	0.6113	0.3790	0.2323	0.5551	0.3173	0.2378
v2_fc_main_seed23	reports/v2_fc_main_seed23/reliability_report.json	main	v2_fc_baseline_det_seed23	reports/v2_fc_baseline_det_seed23/reliability_report.json	human	23.0000	test_ood/encoder_dropout	0.3584	0.4421	-0.0837	0.4058	0.0957	0.3101	0.4639	0.2502	0.2137
v2_fc_main_seed23	reports/v2_fc_main_seed23/reliability_report.json	main	v2_fc_baseline_det_seed23	reports/v2_fc_baseline_det_seed23/reliability_report.json	human	23.0000	test_ood/imu_bias	0.2571	0.2320	0.0252	0.6941	0.7510	-0.0569	0.6797	0.7737	-0.0940
v2_fc_main_seed23	reports/v2_fc_main_seed23/reliability_report.json	main	v2_fc_baseline_det_seed23	reports/v2_fc_baseline_det_seed23/reliability_report.json	human	23.0000	test_ood/packet_loss	0.2554	0.2303	0.0251	0.6983	0.7546	-0.0563	0.7027	0.7979	-0.0952
v2_fc_main_seed23	reports/v2_fc_main_seed23/reliability_report.json	main	v2_fc_baseline_det_seed23	reports/v2_fc_baseline_det_seed23/reliability_report.json	human	23.0000	test_ood/stuck_imu	0.2572	0.2409	0.0163	0.6939	0.7314	-0.0376	0.6923	0.7822	-0.0898
v2_fc_main_seed23	reports/v2_fc_main_seed23/reliability_report.json	main	v2_fc_baseline_det_seed23	reports/v2_fc_baseline_det_seed23/reliability_report.json	human	23.0000	test_ood/packet_loss_burst	0.2561	0.2313	0.0248	0.6966	0.7524	-0.0558	0.7013	0.7969	-0.0956
v2_fc_main_seed23	reports/v2_fc_main_seed23/reliability_report.json	main	v2_fc_baseline_det_seed23	reports/v2_fc_baseline_det_seed23/reliability_report.json	human	23.0000	test_ood/packet_loss_partial	0.2553	0.2303	0.0250	0.6984	0.7546	-0.0562	0.7028	0.7982	-0.0954
v2_fc_main_seed23	reports/v2_fc_main_seed23/reliability_report.json	main	v2_fc_baseline_det_seed23	reports/v2_fc_baseline_det_seed23/reliability_report.json	human	23.0000	test_ood/sensor_delay	0.2918	0.3013	-0.0095	0.6060	0.5799	0.0261	0.6597	0.7343	-0.0746
v2_fc_main_seed23	reports/v2_fc_main_seed23/reliability_report.json	main	v2_fc_baseline_det_seed23	reports/v2_fc_baseline_det_seed23/reliability_report.json	human	23.0000	test_ood/sensor_delay_jitter	0.2939	0.2996	-0.0057	0.6004	0.5848	0.0155	0.6595	0.7340	-0.0746
v2_fc_main_seed7	reports/v2_fc_main_seed7/reliability_report.json	main	v2_fc_baseline_det_seed7	reports/v2_fc_baseline_det_seed7/reliability_report.json	human	7.0000	test_id/clean	0.1726	0.1616	0.0110	0.7698	0.7982	-0.0284	0.8156	0.8153	0.0003
v2_fc_main_seed7	reports/v2_fc_main_seed7/reliability_report.json	main	v2_fc_baseline_det_seed7	reports/v2_fc_baseline_det_seed7/reliability_report.json	human	7.0000	test_ood/clean	0.2506	0.2282	0.0224	0.7095	0.7592	-0.0497	0.7303	0.7939	-0.0635
v2_fc_main_seed7	reports/v2_fc_main_seed7/reliability_report.json	main	v2_fc_baseline_det_seed7	reports/v2_fc_baseline_det_seed7/reliability_report.json	human	7.0000	test_id/insole_missing	0.1903	0.2696	-0.0793	0.7201	0.4381	0.2820	0.6893	0.3966	0.2927
v2_fc_main_seed7	reports/v2_fc_main_seed7/reliability_report.json	main	v2_fc_baseline_det_seed7	reports/v2_fc_baseline_det_seed7/reliability_report.json	human	7.0000	test_id/encoder_dropout	0.2131	0.3080	-0.0949	0.6491	0.2667	0.3823	0.6483	0.3697	0.2786
v2_fc_main_seed7	reports/v2_fc_main_seed7/reliability_report.json	main	v2_fc_baseline_det_seed7	reports/v2_fc_baseline_det_seed7/reliability_report.json	human	7.0000	test_id/imu_bias	0.1736	0.1641	0.0095	0.7670	0.7919	-0.0249	0.7915	0.7996	-0.0081
v2_fc_main_seed7	reports/v2_fc_main_seed7/reliability_report.json	main	v2_fc_baseline_det_seed7	reports/v2_fc_baseline_det_seed7/reliability_report.json	human	7.0000	test_id/packet_loss	0.1729	0.1621	0.0108	0.7689	0.7970	-0.0281	0.8151	0.8148	0.0003
v2_fc_main_seed7	reports/v2_fc_main_seed7/reliability_report.json	main	v2_fc_baseline_det_seed7	reports/v2_fc_baseline_det_seed7/reliability_report.json	human	7.0000	test_id/stuck_imu	0.1772	0.1989	-0.0217	0.7573	0.6941	0.0632	0.7913	0.6793	0.1120
v2_fc_main_seed7	reports/v2_fc_main_seed7/reliability_report.json	main	v2_fc_baseline_det_seed7	reports/v2_fc_baseline_det_seed7/reliability_report.json	human	7.0000	test_id/packet_loss_burst	0.1743	0.1634	0.0109	0.7652	0.7936	-0.0284	0.8135	0.8128	0.0007
v2_fc_main_seed7	reports/v2_fc_main_seed7/reliability_report.json	main	v2_fc_baseline_det_seed7	reports/v2_fc_baseline_det_seed7/reliability_report.json	human	7.0000	test_id/packet_loss_partial	0.1729	0.1620	0.0108	0.7690	0.7970	-0.0281	0.8152	0.8147	0.0006
v2_fc_main_seed7	reports/v2_fc_main_seed7/reliability_report.json	main	v2_fc_baseline_det_seed7	reports/v2_fc_baseline_det_seed7/reliability_report.json	human	7.0000	test_id/sensor_delay	0.2084	0.2543	-0.0459	0.6641	0.4999	0.1642	0.7513	0.6991	0.0522
v2_fc_main_seed7	reports/v2_fc_main_seed7/reliability_report.json	main	v2_fc_baseline_det_seed7	reports/v2_fc_baseline_det_seed7/reliability_report.json	human	7.0000	test_id/sensor_delay_jitter	0.2112	0.2518	-0.0405	0.6550	0.5099	0.1451	0.7548	0.6956	0.0592
v2_fc_main_seed7	reports/v2_fc_main_seed7/reliability_report.json	main	v2_fc_baseline_det_seed7	reports/v2_fc_baseline_det_seed7/reliability_report.json	human	7.0000	test_ood/insole_missing	0.2734	0.3624	-0.0890	0.6541	0.3923	0.2618	0.6285	0.3262	0.3023
v2_fc_main_seed7	reports/v2_fc_main_seed7/reliability_report.json	main	v2_fc_baseline_det_seed7	reports/v2_fc_baseline_det_seed7/reliability_report.json	human	7.0000	test_ood/encoder_dropout	0.3677	0.4404	-0.0727	0.3745	0.1026	0.2719	0.4088	0.2270	0.1818
v2_fc_main_seed7	reports/v2_fc_main_seed7/reliability_report.json	main	v2_fc_baseline_det_seed7	reports/v2_fc_baseline_det_seed7/reliability_report.json	human	7.0000	test_ood/imu_bias	0.2531	0.2319	0.0212	0.7037	0.7512	-0.0476	0.7017	0.7678	-0.0661
v2_fc_main_seed7	reports/v2_fc_main_seed7/reliability_report.json	main	v2_fc_baseline_det_seed7	reports/v2_fc_baseline_det_seed7/reliability_report.json	human	7.0000	test_ood/packet_loss	0.2510	0.2285	0.0225	0.7085	0.7584	-0.0499	0.7297	0.7936	-0.0639
v2_fc_main_seed7	reports/v2_fc_main_seed7/reliability_report.json	main	v2_fc_baseline_det_seed7	reports/v2_fc_baseline_det_seed7/reliability_report.json	human	7.0000	test_ood/stuck_imu	0.2524	0.2343	0.0181	0.7052	0.7460	-0.0408	0.7177	0.7744	-0.0567
v2_fc_main_seed7	reports/v2_fc_main_seed7/reliability_report.json	main	v2_fc_baseline_det_seed7	reports/v2_fc_baseline_det_seed7/reliability_report.json	human	7.0000	test_ood/packet_loss_burst	0.2518	0.2295	0.0223	0.7067	0.7564	-0.0497	0.7289	0.7929	-0.0640
v2_fc_main_seed7	reports/v2_fc_main_seed7/reliability_report.json	main	v2_fc_baseline_det_seed7	reports/v2_fc_baseline_det_seed7/reliability_report.json	human	7.0000	test_ood/packet_loss_partial	0.2509	0.2285	0.0224	0.7088	0.7585	-0.0497	0.7298	0.7936	-0.0638
v2_fc_main_seed7	reports/v2_fc_main_seed7/reliability_report.json	main	v2_fc_baseline_det_seed7	reports/v2_fc_baseline_det_seed7/reliability_report.json	human	7.0000	test_ood/sensor_delay	0.2910	0.2992	-0.0082	0.6083	0.5859	0.0224	0.6886	0.7360	-0.0473
v2_fc_main_seed7	reports/v2_fc_main_seed7/reliability_report.json	main	v2_fc_baseline_det_seed7	reports/v2_fc_baseline_det_seed7/reliability_report.json	human	7.0000	test_ood/sensor_delay_jitter	0.2913	0.2983	-0.0069	0.6073	0.5884	0.0189	0.6880	0.7308	-0.0428
