run	report	run_family	profile	training_mode	mode	seed	selected_gate_softness	selected_gate_deadband	scenario	policy_source	selected_softness	selected_deadband	met_wrong_budget	wrong_limit	gated_wrong	ungated_wrong	gate_wrong_delta	gated_retained	ungated_retained	gate_retained_delta	gate_retained_ratio	mean_gate	nature_wrong	nature_retained	retained_delta
v2_fc_main_seed13	reports/v2_fc_main_seed13/reliability_report.json	main	human	prob_aug_recon_fc	eval	13.0000	2.0000	1.0373	test_id/clean	selected_val_gate	2.0000	1.0373	0.0000	0.0683	0.0727	0.0731	-0.0005	0.7888	0.8217	-0.0328	0.9600	0.9784	0.0583	0.9625	-0.1737
v2_fc_main_seed13	reports/v2_fc_main_seed13/reliability_report.json	main	human	prob_aug_recon_fc	eval	13.0000	2.0000	1.0373	test_ood/clean	selected_val_gate	2.0000	1.0373	0.0000	0.0450	0.0751	0.0825	-0.0074	0.6971	0.7243	-0.0272	0.9624	0.9502	0.0350	1.0846	-0.3875
v2_fc_main_seed13	reports/v2_fc_main_seed13/reliability_report.json	main	human	prob_aug_recon_fc	eval	13.0000	2.0000	1.0373	test_id/insole_missing	selected_val_gate	2.0000	1.0373	1.0000	0.2116	0.0860	0.0907	-0.0046	0.4734	0.6590	-0.1855	0.7184	0.8413	0.2016	0.4260	0.0474
v2_fc_main_seed13	reports/v2_fc_main_seed13/reliability_report.json	main	human	prob_aug_recon_fc	eval	13.0000	2.0000	1.0373	test_id/encoder_dropout	selected_val_gate	2.0000	1.0373	1.0000	0.1928	0.1010	0.1180	-0.0170	0.3868	0.6271	-0.2403	0.6168	0.7891	0.1828	0.5915	-0.2047
v2_fc_main_seed13	reports/v2_fc_main_seed13/reliability_report.json	main	human	prob_aug_recon_fc	eval	13.0000	2.0000	1.0373	test_id/imu_bias	selected_val_gate	2.0000	1.0373	1.0000	0.0738	0.0726	0.0731	-0.0006	0.7671	0.7966	-0.0295	0.9629	0.9789	0.0638	0.9647	-0.1976
v2_fc_main_seed13	reports/v2_fc_main_seed13/reliability_report.json	main	human	prob_aug_recon_fc	eval	13.0000	2.0000	1.0373	test_id/packet_loss	selected_val_gate	2.0000	1.0373	0.0000	0.0692	0.0728	0.0734	-0.0006	0.7857	0.8212	-0.0355	0.9568	0.9733	0.0592	0.9613	-0.1756
v2_fc_main_seed13	reports/v2_fc_main_seed13/reliability_report.json	main	human	prob_aug_recon_fc	eval	13.0000	2.0000	1.0373	test_id/stuck_imu	selected_val_gate	2.0000	1.0373	1.0000	0.1027	0.0753	0.0829	-0.0076	0.6420	0.7888	-0.1468	0.8139	0.8615	0.0927	0.8554	-0.2134
v2_fc_main_seed13	reports/v2_fc_main_seed13/reliability_report.json	main	human	prob_aug_recon_fc	eval	13.0000	2.0000	1.0373	test_id/packet_loss_burst	selected_val_gate	2.0000	1.0373	0.0000	0.0711	0.0738	0.0744	-0.0006	0.7714	0.8187	-0.0474	0.9421	0.9587	0.0611	0.9577	-0.1864
v2_fc_main_seed13	reports/v2_fc_main_seed13/reliability_report.json	main	human	prob_aug_recon_fc	eval	13.0000	2.0000	1.0373	test_id/packet_loss_partial	selected_val_gate	2.0000	1.0373	0.0000	0.0691	0.0729	0.0735	-0.0006	0.7861	0.8209	-0.0349	0.9575	0.9744	0.0591	0.9613	-0.1752
v2_fc_main_seed13	reports/v2_fc_main_seed13/reliability_report.json	main	human	prob_aug_recon_fc	eval	13.0000	2.0000	1.0373	test_id/sensor_delay	selected_val_gate	2.0000	1.0373	1.0000	0.1644	0.1042	0.1084	-0.0041	0.6496	0.7557	-0.1061	0.8596	0.9399	0.1544	0.8038	-0.1542
v2_fc_main_seed13	reports/v2_fc_main_seed13/reliability_report.json	main	human	prob_aug_recon_fc	eval	13.0000	2.0000	1.0373	test_id/sensor_delay_jitter	selected_val_gate	2.0000	1.0373	1.0000	0.1618	0.1068	0.1113	-0.0046	0.6346	0.7547	-0.1201	0.8409	0.9282	0.1518	0.8058	-0.1712
v2_fc_main_seed13	reports/v2_fc_main_seed13/reliability_report.json	main	human	prob_aug_recon_fc	eval	13.0000	2.0000	1.0373	test_ood/insole_missing	selected_val_gate	2.0000	1.0373	1.0000	0.1580	0.0932	0.1073	-0.0141	0.4400	0.5686	-0.1286	0.7739	0.8413	0.1480	0.3055	0.1345
v2_fc_main_seed13	reports/v2_fc_main_seed13/reliability_report.json	main	human	prob_aug_recon_fc	eval	13.0000	2.0000	1.0373	test_ood/encoder_dropout	selected_val_gate	2.0000	1.0373	1.0000	0.1958	0.1499	0.1637	-0.0139	0.2443	0.3811	-0.1368	0.6411	0.8492	0.1858	0.5307	-0.2864
v2_fc_main_seed13	reports/v2_fc_main_seed13/reliability_report.json	main	human	prob_aug_recon_fc	eval	13.0000	2.0000	1.0373	test_ood/imu_bias	selected_val_gate	2.0000	1.0373	0.0000	0.0490	0.0735	0.0811	-0.0076	0.6767	0.7037	-0.0270	0.9616	0.9506	0.0390	1.0997	-0.4230
v2_fc_main_seed13	reports/v2_fc_main_seed13/reliability_report.json	main	human	prob_aug_recon_fc	eval	13.0000	2.0000	1.0373	test_ood/packet_loss	selected_val_gate	2.0000	1.0373	0.0000	0.0453	0.0750	0.0826	-0.0076	0.6946	0.7239	-0.0293	0.9595	0.9476	0.0353	1.0838	-0.3893
v2_fc_main_seed13	reports/v2_fc_main_seed13/reliability_report.json	main	human	prob_aug_recon_fc	eval	13.0000	2.0000	1.0373	test_ood/stuck_imu	selected_val_gate	2.0000	1.0373	0.0000	0.0565	0.0747	0.0865	-0.0117	0.6720	0.7169	-0.0449	0.9374	0.9242	0.0465	1.0625	-0.3905
v2_fc_main_seed13	reports/v2_fc_main_seed13/reliability_report.json	main	human	prob_aug_recon_fc	eval	13.0000	2.0000	1.0373	test_ood/packet_loss_burst	selected_val_gate	2.0000	1.0373	0.0000	0.0463	0.0751	0.0832	-0.0081	0.6804	0.7224	-0.0420	0.9419	0.9304	0.0363	1.0817	-0.4013
v2_fc_main_seed13	reports/v2_fc_main_seed13/reliability_report.json	main	human	prob_aug_recon_fc	eval	13.0000	2.0000	1.0373	test_ood/packet_loss_partial	selected_val_gate	2.0000	1.0373	0.0000	0.0453	0.0751	0.0828	-0.0077	0.6943	0.7241	-0.0298	0.9588	0.9475	0.0353	1.0834	-0.3892
v2_fc_main_seed13	reports/v2_fc_main_seed13/reliability_report.json	main	human	prob_aug_recon_fc	eval	13.0000	2.0000	1.0373	test_ood/sensor_delay	selected_val_gate	2.0000	1.0373	1.0000	0.1018	0.0993	0.1154	-0.0161	0.6363	0.6737	-0.0374	0.9445	0.9309	0.0918	0.9873	-0.3510
v2_fc_main_seed13	reports/v2_fc_main_seed13/reliability_report.json	main	human	prob_aug_recon_fc	eval	13.0000	2.0000	1.0373	test_ood/sensor_delay_jitter	selected_val_gate	2.0000	1.0373	1.0000	0.0989	0.0968	0.1140	-0.0172	0.6346	0.6725	-0.0379	0.9436	0.9247	0.0889	0.9867	-0.3521
v2_fc_main_seed23	reports/v2_fc_main_seed23/reliability_report.json	main	human	prob_aug_recon_fc	eval	23.0000	2.0000	1.0414	test_id/clean	selected_val_gate	2.0000	1.0414	0.0000	0.0683	0.0773	0.0778	-0.0005	0.7608	0.7899	-0.0291	0.9631	0.9785	0.0583	0.9625	-0.2017
v2_fc_main_seed23	reports/v2_fc_main_seed23/reliability_report.json	main	human	prob_aug_recon_fc	eval	23.0000	2.0000	1.0414	test_ood/clean	selected_val_gate	2.0000	1.0414	0.0000	0.0450	0.0668	0.0733	-0.0066	0.6757	0.7030	-0.0273	0.9612	0.9503	0.0350	1.0846	-0.4089
v2_fc_main_seed23	reports/v2_fc_main_seed23/reliability_report.json	main	human	prob_aug_recon_fc	eval	23.0000	2.0000	1.0414	test_id/insole_missing	selected_val_gate	2.0000	1.0414	1.0000	0.2116	0.0962	0.1008	-0.0046	0.5192	0.6779	-0.1586	0.7660	0.8678	0.2016	0.4260	0.0933
v2_fc_main_seed23	reports/v2_fc_main_seed23/reliability_report.json	main	human	prob_aug_recon_fc	eval	23.0000	2.0000	1.0414	test_id/encoder_dropout	selected_val_gate	2.0000	1.0414	1.0000	0.1928	0.0928	0.1099	-0.0170	0.4031	0.7357	-0.3327	0.5478	0.7702	0.1828	0.5915	-0.1884
v2_fc_main_seed23	reports/v2_fc_main_seed23/reliability_report.json	main	human	prob_aug_recon_fc	eval	23.0000	2.0000	1.0414	test_id/imu_bias	selected_val_gate	2.0000	1.0414	0.0000	0.0738	0.0791	0.0797	-0.0006	0.7467	0.7717	-0.0250	0.9676	0.9795	0.0638	0.9647	-0.2180
v2_fc_main_seed23	reports/v2_fc_main_seed23/reliability_report.json	main	human	prob_aug_recon_fc	eval	23.0000	2.0000	1.0414	test_id/packet_loss	selected_val_gate	2.0000	1.0414	0.0000	0.0692	0.0775	0.0780	-0.0005	0.7573	0.7893	-0.0319	0.9595	0.9736	0.0592	0.9611	-0.2037
v2_fc_main_seed23	reports/v2_fc_main_seed23/reliability_report.json	main	human	prob_aug_recon_fc	eval	23.0000	2.0000	1.0414	test_id/stuck_imu	selected_val_gate	2.0000	1.0414	1.0000	0.1027	0.0800	0.0884	-0.0084	0.6358	0.7554	-0.1196	0.8416	0.8787	0.0927	0.8554	-0.2197
v2_fc_main_seed23	reports/v2_fc_main_seed23/reliability_report.json	main	human	prob_aug_recon_fc	eval	23.0000	2.0000	1.0414	test_id/packet_loss_burst	selected_val_gate	2.0000	1.0414	0.0000	0.0707	0.0781	0.0788	-0.0006	0.7459	0.7880	-0.0421	0.9465	0.9596	0.0607	0.9583	-0.2124
v2_fc_main_seed23	reports/v2_fc_main_seed23/reliability_report.json	main	human	prob_aug_recon_fc	eval	23.0000	2.0000	1.0414	test_id/packet_loss_partial	selected_val_gate	2.0000	1.0414	0.0000	0.0692	0.0775	0.0780	-0.0006	0.7582	0.7895	-0.0313	0.9604	0.9746	0.0592	0.9612	-0.2030
v2_fc_main_seed23	reports/v2_fc_main_seed23/reliability_report.json	main	human	prob_aug_recon_fc	eval	23.0000	2.0000	1.0414	test_id/sensor_delay	selected_val_gate	2.0000	1.0414	1.0000	0.1644	0.1012	0.1038	-0.0026	0.6338	0.7341	-0.1003	0.8634	0.9414	0.1544	0.8038	-0.1700
v2_fc_main_seed23	reports/v2_fc_main_seed23/reliability_report.json	main	human	prob_aug_recon_fc	eval	23.0000	2.0000	1.0414	test_id/sensor_delay_jitter	selected_val_gate	2.0000	1.0414	1.0000	0.1638	0.1047	0.1076	-0.0029	0.6298	0.7351	-0.1053	0.8567	0.9334	0.1538	0.8011	-0.1713
v2_fc_main_seed23	reports/v2_fc_main_seed23/reliability_report.json	main	human	prob_aug_recon_fc	eval	23.0000	2.0000	1.0414	test_ood/insole_missing	selected_val_gate	2.0000	1.0414	1.0000	0.1580	0.0776	0.0914	-0.0138	0.4763	0.5551	-0.0788	0.8580	0.8950	0.1480	0.3055	0.1708
v2_fc_main_seed23	reports/v2_fc_main_seed23/reliability_report.json	main	human	prob_aug_recon_fc	eval	23.0000	2.0000	1.0414	test_ood/encoder_dropout	selected_val_gate	2.0000	1.0414	1.0000	0.1958	0.1493	0.1623	-0.0130	0.2526	0.4639	-0.2113	0.5445	0.8289	0.1858	0.5307	-0.2781
v2_fc_main_seed23	reports/v2_fc_main_seed23/reliability_report.json	main	human	prob_aug_recon_fc	eval	23.0000	2.0000	1.0414	test_ood/imu_bias	selected_val_gate	2.0000	1.0414	0.0000	0.0490	0.0660	0.0727	-0.0066	0.6548	0.6797	-0.0250	0.9633	0.9517	0.0390	1.0997	-0.4449
v2_fc_main_seed23	reports/v2_fc_main_seed23/reliability_report.json	main	human	prob_aug_recon_fc	eval	23.0000	2.0000	1.0414	test_ood/packet_loss	selected_val_gate	2.0000	1.0414	0.0000	0.0454	0.0666	0.0736	-0.0070	0.6753	0.7027	-0.0274	0.9611	0.9485	0.0354	1.0840	-0.4087
v2_fc_main_seed23	reports/v2_fc_main_seed23/reliability_report.json	main	human	prob_aug_recon_fc	eval	23.0000	2.0000	1.0414	test_ood/stuck_imu	selected_val_gate	2.0000	1.0414	0.0000	0.0565	0.0676	0.0802	-0.0126	0.6545	0.6923	-0.0379	0.9453	0.9298	0.0465	1.0625	-0.4080
v2_fc_main_seed23	reports/v2_fc_main_seed23/reliability_report.json	main	human	prob_aug_recon_fc	eval	23.0000	2.0000	1.0414	test_ood/packet_loss_burst	selected_val_gate	2.0000	1.0414	0.0000	0.0467	0.0673	0.0745	-0.0071	0.6636	0.7013	-0.0378	0.9461	0.9334	0.0367	1.0813	-0.4178
v2_fc_main_seed23	reports/v2_fc_main_seed23/reliability_report.json	main	human	prob_aug_recon_fc	eval	23.0000	2.0000	1.0414	test_ood/packet_loss_partial	selected_val_gate	2.0000	1.0414	0.0000	0.0456	0.0668	0.0737	-0.0070	0.6748	0.7028	-0.0279	0.9603	0.9485	0.0356	1.0837	-0.4089
v2_fc_main_seed23	reports/v2_fc_main_seed23/reliability_report.json	main	human	prob_aug_recon_fc	eval	23.0000	2.0000	1.0414	test_ood/sensor_delay	selected_val_gate	2.0000	1.0414	1.0000	0.1018	0.0858	0.0997	-0.0139	0.6243	0.6597	-0.0355	0.9463	0.9332	0.0918	0.9873	-0.3631
v2_fc_main_seed23	reports/v2_fc_main_seed23/reliability_report.json	main	human	prob_aug_recon_fc	eval	23.0000	2.0000	1.0414	test_ood/sensor_delay_jitter	selected_val_gate	2.0000	1.0414	1.0000	0.0987	0.0856	0.0997	-0.0142	0.6238	0.6595	-0.0357	0.9459	0.9298	0.0887	0.9881	-0.3643
v2_fc_main_seed7	reports/v2_fc_main_seed7/reliability_report.json	main	human	prob_aug_recon_fc	eval	7.0000	2.0000	1.0520	test_id/clean	selected_val_gate	2.0000	1.0520	0.0000	0.0683	0.0740	0.0746	-0.0006	0.7810	0.8156	-0.0346	0.9575	0.9774	0.0583	0.9625	-0.1815
v2_fc_main_seed7	reports/v2_fc_main_seed7/reliability_report.json	main	human	prob_aug_recon_fc	eval	7.0000	2.0000	1.0520	test_ood/clean	selected_val_gate	2.0000	1.0520	0.0000	0.0450	0.0681	0.0764	-0.0082	0.7009	0.7303	-0.0294	0.9597	0.9499	0.0350	1.0846	-0.3836
v2_fc_main_seed7	reports/v2_fc_main_seed7/reliability_report.json	main	human	prob_aug_recon_fc	eval	7.0000	2.0000	1.0520	test_id/insole_missing	selected_val_gate	2.0000	1.0520	1.0000	0.2116	0.0811	0.0837	-0.0026	0.5461	0.6893	-0.1432	0.7923	0.8967	0.2016	0.4260	0.1201
v2_fc_main_seed7	reports/v2_fc_main_seed7/reliability_report.json	main	human	prob_aug_recon_fc	eval	7.0000	2.0000	1.0520	test_id/encoder_dropout	selected_val_gate	2.0000	1.0520	1.0000	0.1928	0.1012	0.1121	-0.0109	0.4180	0.6483	-0.2302	0.6448	0.8215	0.1828	0.5915	-0.1734
v2_fc_main_seed7	reports/v2_fc_main_seed7/reliability_report.json	main	human	prob_aug_recon_fc	eval	7.0000	2.0000	1.0520	test_id/imu_bias	selected_val_gate	2.0000	1.0520	0.0000	0.0738	0.0748	0.0755	-0.0007	0.7613	0.7915	-0.0302	0.9619	0.9785	0.0638	0.9647	-0.2034
v2_fc_main_seed7	reports/v2_fc_main_seed7/reliability_report.json	main	human	prob_aug_recon_fc	eval	7.0000	2.0000	1.0520	test_id/packet_loss	selected_val_gate	2.0000	1.0520	0.0000	0.0692	0.0744	0.0751	-0.0007	0.7788	0.8151	-0.0363	0.9554	0.9730	0.0592	0.9611	-0.1823
v2_fc_main_seed7	reports/v2_fc_main_seed7/reliability_report.json	main	human	prob_aug_recon_fc	eval	7.0000	2.0000	1.0520	test_id/stuck_imu	selected_val_gate	2.0000	1.0520	1.0000	0.1027	0.0732	0.0801	-0.0068	0.6475	0.7913	-0.1439	0.8182	0.8653	0.0927	0.8554	-0.2080
v2_fc_main_seed7	reports/v2_fc_main_seed7/reliability_report.json	main	human	prob_aug_recon_fc	eval	7.0000	2.0000	1.0520	test_id/packet_loss_burst	selected_val_gate	2.0000	1.0520	0.0000	0.0706	0.0744	0.0752	-0.0008	0.7667	0.8135	-0.0469	0.9424	0.9586	0.0606	0.9585	-0.1918
v2_fc_main_seed7	reports/v2_fc_main_seed7/reliability_report.json	main	human	prob_aug_recon_fc	eval	7.0000	2.0000	1.0520	test_id/packet_loss_partial	selected_val_gate	2.0000	1.0520	0.0000	0.0692	0.0743	0.0749	-0.0007	0.7785	0.8152	-0.0367	0.9550	0.9738	0.0592	0.9614	-0.1829
v2_fc_main_seed7	reports/v2_fc_main_seed7/reliability_report.json	main	human	prob_aug_recon_fc	eval	7.0000	2.0000	1.0520	test_id/sensor_delay	selected_val_gate	2.0000	1.0520	1.0000	0.1644	0.1018	0.1052	-0.0034	0.6590	0.7513	-0.0923	0.8771	0.9477	0.1544	0.8038	-0.1448
v2_fc_main_seed7	reports/v2_fc_main_seed7/reliability_report.json	main	human	prob_aug_recon_fc	eval	7.0000	2.0000	1.0520	test_id/sensor_delay_jitter	selected_val_gate	2.0000	1.0520	1.0000	0.1628	0.1032	0.1077	-0.0044	0.6467	0.7548	-0.1082	0.8567	0.9383	0.1528	0.8020	-0.1553
v2_fc_main_seed7	reports/v2_fc_main_seed7/reliability_report.json	main	human	prob_aug_recon_fc	eval	7.0000	2.0000	1.0520	test_ood/insole_missing	selected_val_gate	2.0000	1.0520	1.0000	0.1580	0.0748	0.0850	-0.0102	0.5626	0.6285	-0.0659	0.8951	0.9143	0.1480	0.3055	0.2571
v2_fc_main_seed7	reports/v2_fc_main_seed7/reliability_report.json	main	human	prob_aug_recon_fc	eval	7.0000	2.0000	1.0520	test_ood/encoder_dropout	selected_val_gate	2.0000	1.0520	1.0000	0.1958	0.1321	0.1420	-0.0099	0.2791	0.4088	-0.1297	0.6826	0.8770	0.1858	0.5307	-0.2516
v2_fc_main_seed7	reports/v2_fc_main_seed7/reliability_report.json	main	human	prob_aug_recon_fc	eval	7.0000	2.0000	1.0520	test_ood/imu_bias	selected_val_gate	2.0000	1.0520	0.0000	0.0490	0.0651	0.0731	-0.0080	0.6735	0.7017	-0.0282	0.9598	0.9507	0.0390	1.0997	-0.4262
v2_fc_main_seed7	reports/v2_fc_main_seed7/reliability_report.json	main	human	prob_aug_recon_fc	eval	7.0000	2.0000	1.0520	test_ood/packet_loss	selected_val_gate	2.0000	1.0520	0.0000	0.0454	0.0682	0.0766	-0.0083	0.6984	0.7297	-0.0313	0.9571	0.9476	0.0354	1.0840	-0.3856
v2_fc_main_seed7	reports/v2_fc_main_seed7/reliability_report.json	main	human	prob_aug_recon_fc	eval	7.0000	2.0000	1.0520	test_ood/stuck_imu	selected_val_gate	2.0000	1.0520	0.0000	0.0565	0.0690	0.0777	-0.0088	0.6704	0.7177	-0.0473	0.9340	0.9244	0.0465	1.0625	-0.3921
v2_fc_main_seed7	reports/v2_fc_main_seed7/reliability_report.json	main	human	prob_aug_recon_fc	eval	7.0000	2.0000	1.0520	test_ood/packet_loss_burst	selected_val_gate	2.0000	1.0520	0.0000	0.0457	0.0685	0.0773	-0.0088	0.6881	0.7289	-0.0407	0.9441	0.9336	0.0357	1.0817	-0.3935
v2_fc_main_seed7	reports/v2_fc_main_seed7/reliability_report.json	main	human	prob_aug_recon_fc	eval	7.0000	2.0000	1.0520	test_ood/packet_loss_partial	selected_val_gate	2.0000	1.0520	0.0000	0.0454	0.0678	0.0761	-0.0083	0.6980	0.7298	-0.0319	0.9563	0.9477	0.0354	1.0835	-0.3855
v2_fc_main_seed7	reports/v2_fc_main_seed7/reliability_report.json	main	human	prob_aug_recon_fc	eval	7.0000	2.0000	1.0520	test_ood/sensor_delay	selected_val_gate	2.0000	1.0520	1.0000	0.1018	0.0860	0.0986	-0.0126	0.6476	0.6886	-0.0410	0.9404	0.9330	0.0918	0.9873	-0.3397
v2_fc_main_seed7	reports/v2_fc_main_seed7/reliability_report.json	main	human	prob_aug_recon_fc	eval	7.0000	2.0000	1.0520	test_ood/sensor_delay_jitter	selected_val_gate	2.0000	1.0520	1.0000	0.1012	0.0859	0.1001	-0.0142	0.6457	0.6880	-0.0423	0.9386	0.9269	0.0912	0.9856	-0.3399
