run_family	training_mode	profile	scenario	n	our_rmse_mean	our_rmse_std	nature_rmse_mean	nature_rmse_std	rmse_delta_mean	rmse_delta_std	our_r2_mean	our_r2_std	nature_r2_mean	nature_r2_std	r2_delta_mean	r2_delta_std	our_wrong_mean	our_wrong_std	our_ungated_wrong_mean	our_ungated_wrong_std	gate_wrong_delta_mean	gate_wrong_delta_std	nature_wrong_mean	nature_wrong_std	wrong_delta_mean	wrong_delta_std	our_retained_mean	our_retained_std	our_ungated_retained_mean	our_ungated_retained_std	gate_retained_delta_mean	gate_retained_delta_std	gate_retained_ratio_mean	gate_retained_ratio_std	nature_retained_mean	nature_retained_std	retained_delta_mean	retained_delta_std	ungated_retained_delta_mean	ungated_retained_delta_std	mean_gate_mean	mean_gate_std	cl_net_moment_rms_reduction_ratio_mean	cl_net_moment_rms_reduction_ratio_std	cl_abs_work_reduction_ratio_mean	cl_abs_work_reduction_ratio_std	cl_fight_fraction_mean	cl_fight_fraction_std
stress	prob_aug_recon_fc	human	test_id/packet_loss@0.05	3.0000	0.1728	0.0017	0.1629	0.0000	0.0099	0.0016	0.7693	0.0044	0.7949	0.0001	-0.0256	0.0044	0.0747	0.0023	0.0753	0.0023	-0.0006	0.0001	0.0585	0.0000	0.0162	0.0024	0.7760	0.0143	0.8089	0.0168	-0.0329	0.0028	0.9594	0.0027	0.9621	0.0000	-0.1861	0.0143	-0.1533	0.0169	0.9770	0.0004	0.1018	0.0011	0.1066	0.0021	0.1997	0.0017
stress	prob_aug_recon_fc	human	test_id/packet_loss@0.15	3.0000	0.1730	0.0016	0.1638	0.0000	0.0092	0.0017	0.7686	0.0044	0.7926	0.0000	-0.0239	0.0044	0.0748	0.0024	0.0754	0.0023	-0.0006	0.0001	0.0592	0.0000	0.0156	0.0023	0.7750	0.0133	0.8085	0.0168	-0.0336	0.0036	0.9585	0.0037	0.9612	0.0001	-0.1863	0.0133	-0.1527	0.0169	0.9738	0.0006	0.1014	0.0008	0.1060	0.0019	0.2006	0.0017
stress	prob_aug_recon_fc	human	test_id/packet_loss@0.30	3.0000	0.1736	0.0014	0.1656	0.0001	0.0080	0.0013	0.7670	0.0039	0.7879	0.0004	-0.0209	0.0036	0.0752	0.0023	0.0758	0.0022	-0.0007	0.0001	0.0605	0.0001	0.0147	0.0021	0.7581	0.0118	0.8077	0.0166	-0.0496	0.0048	0.9386	0.0048	0.9592	0.0001	-0.2012	0.0117	-0.1516	0.0165	0.9508	0.0020	0.0986	0.0008	0.1032	0.0016	0.2024	0.0016
stress	prob_aug_recon_fc	human	test_id/packet_loss_burst@0.05	3.0000	0.1729	0.0016	0.1632	0.0001	0.0096	0.0016	0.7690	0.0042	0.7940	0.0002	-0.0250	0.0043	0.0746	0.0023	0.0752	0.0023	-0.0005	0.0001	0.0587	0.0001	0.0159	0.0022	0.7747	0.0136	0.8087	0.0168	-0.0340	0.0032	0.9580	0.0032	0.9616	0.0001	-0.1869	0.0135	-0.1529	0.0167	0.9761	0.0006	0.1014	0.0010	0.1062	0.0020	0.1999	0.0016
stress	prob_aug_recon_fc	human	test_id/packet_loss_burst@0.15	3.0000	0.1741	0.0015	0.1663	0.0002	0.0078	0.0017	0.7657	0.0041	0.7862	0.0005	-0.0205	0.0045	0.0753	0.0020	0.0760	0.0020	-0.0007	0.0001	0.0605	0.0004	0.0147	0.0021	0.7619	0.0138	0.8067	0.0163	-0.0448	0.0028	0.9445	0.0025	0.9583	0.0007	-0.1964	0.0131	-0.1516	0.0156	0.9595	0.0004	0.0990	0.0010	0.1032	0.0020	0.2025	0.0015
stress	prob_aug_recon_fc	human	test_id/packet_loss_partial@0.15	3.0000	0.1729	0.0017	0.1638	0.0001	0.0091	0.0017	0.7688	0.0044	0.7926	0.0002	-0.0238	0.0045	0.0749	0.0023	0.0755	0.0023	-0.0006	0.0001	0.0592	0.0001	0.0156	0.0022	0.7741	0.0137	0.8085	0.0167	-0.0344	0.0037	0.9575	0.0038	0.9611	0.0002	-0.1870	0.0137	-0.1526	0.0168	0.9742	0.0007	0.1011	0.0009	0.1058	0.0021	0.2006	0.0016
stress	prob_aug_recon_fc	human	test_id/sensor_delay@10	3.0000	0.2075	0.0033	0.2743	0.0000	-0.0668	0.0033	0.6671	0.0106	0.4185	0.0000	0.2486	0.0106	0.1024	0.0016	0.1058	0.0023	-0.0034	0.0008	0.1544	0.0000	-0.0520	0.0016	0.6477	0.0130	0.7470	0.0114	-0.0994	0.0069	0.8670	0.0093	0.8038	0.0000	-0.1562	0.0130	-0.0568	0.0114	0.9430	0.0042	0.0714	0.0013	0.0679	0.0006	0.2556	0.0033
stress	prob_aug_recon_fc	human	test_id/sensor_delay@20	3.0000	0.2611	0.0048	0.3517	0.0000	-0.0906	0.0048	0.4729	0.0193	0.0439	0.0000	0.4291	0.0193	0.1455	0.0022	0.1587	0.0038	-0.0132	0.0020	0.2651	0.0000	-0.1196	0.0022	0.5187	0.0122	0.6909	0.0086	-0.1722	0.0059	0.7507	0.0102	0.6404	0.0000	-0.1217	0.0122	0.0505	0.0086	0.8766	0.0095	0.0537	0.0009	0.0403	0.0002	0.3088	0.0062
stress	prob_aug_recon_fc	human	test_id/sensor_delay@5	3.0000	0.1867	0.0009	0.2162	0.0000	-0.0296	0.0009	0.7306	0.0026	0.6385	0.0000	0.0921	0.0026	0.0853	0.0009	0.0866	0.0008	-0.0014	0.0003	0.0995	0.0000	-0.0142	0.0009	0.7341	0.0121	0.7766	0.0142	-0.0425	0.0023	0.9453	0.0021	0.8932	0.0000	-0.1591	0.0121	-0.1166	0.0142	0.9725	0.0008	0.0882	0.0007	0.0893	0.0009	0.2286	0.0022
stress	prob_aug_recon_fc	human	test_id/sensor_delay_jitter@10	3.0000	0.2109	0.0039	0.2723	0.0031	-0.0615	0.0060	0.6561	0.0127	0.4266	0.0129	0.2295	0.0220	0.1041	0.0008	0.1080	0.0021	-0.0039	0.0013	0.1535	0.0015	-0.0495	0.0012	0.6349	0.0092	0.7479	0.0125	-0.1130	0.0090	0.8490	0.0105	0.8024	0.0043	-0.1675	0.0135	-0.0545	0.0152	0.9326	0.0060	0.0706	0.0013	0.0663	0.0012	0.2575	0.0040
stress	prob_aug_recon_fc	human	test_id/sensor_delay_jitter@20	3.0000	0.2676	0.0083	0.3471	0.0018	-0.0795	0.0080	0.4460	0.0343	0.0686	0.0094	0.3774	0.0326	0.1518	0.0023	0.1656	0.0045	-0.0139	0.0023	0.2550	0.0003	-0.1032	0.0024	0.5300	0.0107	0.6813	0.0067	-0.1512	0.0089	0.7780	0.0130	0.6548	0.0017	-0.1248	0.0116	0.0265	0.0084	0.8835	0.0102	0.0540	0.0015	0.0399	0.0010	0.3122	0.0030
stress	prob_aug_recon_fc	human	test_ood/packet_loss@0.05	3.0000	0.2532	0.0022	0.1761	0.0001	0.0771	0.0023	0.7034	0.0053	0.8566	0.0001	-0.1532	0.0053	0.0700	0.0044	0.0775	0.0046	-0.0075	0.0008	0.0351	0.0001	0.0349	0.0043	0.6899	0.0125	0.7191	0.0144	-0.0292	0.0021	0.9594	0.0023	1.0844	0.0000	-0.3945	0.0124	-0.3653	0.0144	0.9492	0.0006	0.1004	0.0019	0.0816	0.0017	0.2026	0.0098
stress	prob_aug_recon_fc	human	test_ood/packet_loss@0.15	3.0000	0.2534	0.0023	0.1769	0.0001	0.0765	0.0022	0.7028	0.0053	0.8551	0.0001	-0.1523	0.0052	0.0700	0.0044	0.0776	0.0046	-0.0076	0.0007	0.0356	0.0000	0.0344	0.0044	0.6885	0.0119	0.7188	0.0145	-0.0303	0.0026	0.9579	0.0027	1.0838	0.0003	-0.3953	0.0119	-0.3650	0.0144	0.9471	0.0010	0.1002	0.0017	0.0811	0.0017	0.2029	0.0096
stress	prob_aug_recon_fc	human	test_ood/packet_loss@0.30	3.0000	0.2540	0.0023	0.1787	0.0002	0.0753	0.0021	0.7014	0.0053	0.8523	0.0003	-0.1509	0.0051	0.0701	0.0047	0.0781	0.0049	-0.0080	0.0006	0.0362	0.0001	0.0339	0.0046	0.6741	0.0122	0.7184	0.0141	-0.0442	0.0019	0.9384	0.0015	1.0827	0.0001	-0.4086	0.0121	-0.3644	0.0140	0.9232	0.0022	0.0981	0.0018	0.0792	0.0018	0.2039	0.0095
stress	prob_aug_recon_fc	human	test_ood/packet_loss_burst@0.05	3.0000	0.2533	0.0023	0.1766	0.0001	0.0768	0.0023	0.7031	0.0054	0.8557	0.0002	-0.1527	0.0054	0.0699	0.0042	0.0774	0.0045	-0.0075	0.0009	0.0352	0.0003	0.0347	0.0043	0.6894	0.0118	0.7190	0.0143	-0.0296	0.0026	0.9588	0.0028	1.0843	0.0004	-0.3949	0.0119	-0.3653	0.0144	0.9487	0.0010	0.1005	0.0018	0.0814	0.0017	0.2029	0.0100
stress	prob_aug_recon_fc	human	test_ood/packet_loss_burst@0.15	3.0000	0.2545	0.0019	0.1800	0.0005	0.0745	0.0015	0.7004	0.0045	0.8501	0.0008	-0.1498	0.0038	0.0703	0.0046	0.0781	0.0048	-0.0079	0.0007	0.0360	0.0001	0.0343	0.0046	0.6782	0.0110	0.7177	0.0137	-0.0396	0.0028	0.9449	0.0029	1.0818	0.0002	-0.4036	0.0111	-0.3640	0.0138	0.9335	0.0016	0.0986	0.0018	0.0796	0.0015	0.2038	0.0095
stress	prob_aug_recon_fc	human	test_ood/packet_loss_partial@0.15	3.0000	0.2535	0.0022	0.1769	0.0001	0.0765	0.0021	0.7028	0.0053	0.8551	0.0002	-0.1523	0.0051	0.0698	0.0045	0.0776	0.0047	-0.0077	0.0008	0.0354	0.0001	0.0344	0.0045	0.6894	0.0119	0.7188	0.0143	-0.0295	0.0031	0.9590	0.0036	1.0837	0.0002	-0.3944	0.0119	-0.3649	0.0144	0.9481	0.0010	0.1005	0.0020	0.0813	0.0018	0.2031	0.0096
stress	prob_aug_recon_fc	human	test_ood/sensor_delay@10	3.0000	0.2930	0.0029	0.2801	0.0000	0.0130	0.0029	0.6027	0.0078	0.6371	0.0000	-0.0345	0.0078	0.0903	0.0077	0.1046	0.0094	-0.0142	0.0018	0.0918	0.0000	-0.0015	0.0077	0.6367	0.0124	0.6740	0.0145	-0.0374	0.0023	0.9446	0.0023	0.9873	0.0000	-0.3507	0.0124	-0.3133	0.0145	0.9326	0.0012	0.0870	0.0013	0.0549	0.0001	0.2339	0.0113
stress	prob_aug_recon_fc	human	test_ood/sensor_delay@20	3.0000	0.3331	0.0029	0.3473	0.0000	-0.0141	0.0029	0.4865	0.0089	0.4421	0.0000	0.0444	0.0089	0.1169	0.0072	0.1399	0.0108	-0.0230	0.0044	0.1393	0.0000	-0.0224	0.0072	0.5800	0.0126	0.6214	0.0144	-0.0414	0.0020	0.9334	0.0018	0.8966	0.0000	-0.3166	0.0126	-0.2752	0.0144	0.9018	0.0058	0.0789	0.0011	0.0432	0.0001	0.2535	0.0105
stress	prob_aug_recon_fc	human	test_ood/sensor_delay@5	3.0000	0.2696	0.0024	0.2261	0.0000	0.0436	0.0024	0.6636	0.0059	0.7635	0.0000	-0.0999	0.0059	0.0775	0.0061	0.0883	0.0069	-0.0107	0.0009	0.0605	0.0000	0.0170	0.0061	0.6700	0.0124	0.7004	0.0139	-0.0305	0.0020	0.9565	0.0023	1.0416	0.0000	-0.3717	0.0124	-0.3412	0.0139	0.9456	0.0007	0.0939	0.0016	0.0665	0.0011	0.2187	0.0110
stress	prob_aug_recon_fc	human	test_ood/sensor_delay_jitter@10	3.0000	0.2941	0.0039	0.2771	0.0019	0.0170	0.0057	0.5997	0.0105	0.6447	0.0048	-0.0450	0.0153	0.0907	0.0076	0.1055	0.0095	-0.0148	0.0019	0.0896	0.0009	0.0012	0.0077	0.6326	0.0109	0.6717	0.0135	-0.0391	0.0027	0.9418	0.0028	0.9904	0.0034	-0.3579	0.0143	-0.3187	0.0169	0.9277	0.0012	0.0866	0.0008	0.0547	0.0012	0.2344	0.0120
stress	prob_aug_recon_fc	human	test_ood/sensor_delay_jitter@20	3.0000	0.3312	0.0028	0.3421	0.0023	-0.0109	0.0032	0.4923	0.0085	0.4584	0.0074	0.0339	0.0100	0.1145	0.0078	0.1372	0.0120	-0.0227	0.0043	0.1357	0.0006	-0.0211	0.0084	0.5803	0.0127	0.6229	0.0156	-0.0426	0.0029	0.9317	0.0030	0.8992	0.0036	-0.3189	0.0161	-0.2763	0.0190	0.8997	0.0094	0.0792	0.0012	0.0444	0.0010	0.2517	0.0110
stress	prob_aug_recon_fc	human	val/packet_loss@0.05	3.0000	0.1748	0.0017	0.1645	0.0000	0.0103	0.0017	0.7432	0.0049	0.7726	0.0001	-0.0294	0.0050	0.0753	0.0016	0.0771	0.0013	-0.0018	0.0003	0.0739	0.0000	0.0014	0.0015	0.7767	0.0117	0.8158	0.0138	-0.0391	0.0029	0.9520	0.0030	0.9216	0.0001	-0.1449	0.0117	-0.1057	0.0138	0.9715	0.0005	0.0978	0.0010	0.1061	0.0029	0.2054	0.0038
stress	prob_aug_recon_fc	human	val/packet_loss@0.15	3.0000	0.1751	0.0018	0.1653	0.0000	0.0098	0.0018	0.7423	0.0052	0.7705	0.0001	-0.0282	0.0053	0.0754	0.0016	0.0772	0.0013	-0.0018	0.0003	0.0745	0.0001	0.0009	0.0015	0.7744	0.0110	0.8155	0.0139	-0.0411	0.0032	0.9496	0.0032	0.9208	0.0001	-0.1464	0.0110	-0.1052	0.0139	0.9673	0.0010	0.0972	0.0008	0.1052	0.0026	0.2062	0.0038
stress	prob_aug_recon_fc	human	val/packet_loss@0.30	3.0000	0.1758	0.0018	0.1671	0.0000	0.0087	0.0018	0.7403	0.0054	0.7654	0.0001	-0.0251	0.0054	0.0758	0.0018	0.0778	0.0016	-0.0020	0.0003	0.0757	0.0001	0.0001	0.0018	0.7592	0.0093	0.8144	0.0134	-0.0552	0.0041	0.9322	0.0040	0.9189	0.0002	-0.1597	0.0090	-0.1045	0.0132	0.9443	0.0023	0.0949	0.0007	0.1026	0.0024	0.2079	0.0039
stress	prob_aug_recon_fc	human	val/packet_loss_burst@0.05	3.0000	0.1750	0.0017	0.1648	0.0001	0.0102	0.0018	0.7426	0.0049	0.7718	0.0003	-0.0292	0.0052	0.0754	0.0016	0.0772	0.0014	-0.0019	0.0003	0.0742	0.0002	0.0012	0.0016	0.7758	0.0111	0.8157	0.0139	-0.0399	0.0035	0.9511	0.0036	0.9211	0.0002	-0.1453	0.0109	-0.1054	0.0137	0.9706	0.0007	0.0976	0.0010	0.1059	0.0027	0.2056	0.0038
stress	prob_aug_recon_fc	human	val/packet_loss_burst@0.15	3.0000	0.1763	0.0019	0.1677	0.0003	0.0086	0.0016	0.7388	0.0055	0.7637	0.0008	-0.0249	0.0048	0.0765	0.0015	0.0784	0.0014	-0.0020	0.0002	0.0760	0.0003	0.0004	0.0013	0.7611	0.0094	0.8133	0.0134	-0.0523	0.0041	0.9358	0.0040	0.9172	0.0009	-0.1561	0.0085	-0.1039	0.0125	0.9538	0.0022	0.0949	0.0006	0.1027	0.0025	0.2083	0.0038
stress	prob_aug_recon_fc	human	val/packet_loss_partial@0.15	3.0000	0.1750	0.0017	0.1653	0.0000	0.0097	0.0017	0.7425	0.0049	0.7703	0.0001	-0.0278	0.0049	0.0754	0.0016	0.0773	0.0014	-0.0019	0.0003	0.0743	0.0001	0.0011	0.0016	0.7745	0.0104	0.8154	0.0138	-0.0408	0.0037	0.9499	0.0038	0.9205	0.0001	-0.1459	0.0104	-0.1051	0.0138	0.9680	0.0010	0.0973	0.0009	0.1054	0.0027	0.2062	0.0038
stress	prob_aug_recon_fc	human	val/sensor_delay@10	3.0000	0.2066	0.0049	0.2674	0.0000	-0.0608	0.0049	0.6410	0.0171	0.3991	0.0000	0.2419	0.0171	0.0965	0.0034	0.1031	0.0046	-0.0066	0.0013	0.1672	0.0000	-0.0708	0.0034	0.6296	0.0061	0.7627	0.0039	-0.1331	0.0070	0.8255	0.0087	0.7705	0.0000	-0.1408	0.0061	-0.0077	0.0039	0.9160	0.0062	0.0689	0.0018	0.0664	0.0024	0.2541	0.0054
stress	prob_aug_recon_fc	human	val/sensor_delay@20	3.0000	0.2591	0.0045	0.3347	0.0000	-0.0757	0.0045	0.4357	0.0195	0.0583	0.0000	0.3774	0.0195	0.1278	0.0017	0.1494	0.0036	-0.0216	0.0020	0.2770	0.0000	-0.1492	0.0017	0.4989	0.0062	0.7027	0.0042	-0.2038	0.0020	0.7099	0.0045	0.6118	0.0000	-0.1129	0.0062	0.0909	0.0042	0.8520	0.0082	0.0513	0.0013	0.0361	0.0002	0.2896	0.0042
stress	prob_aug_recon_fc	human	val/sensor_delay@5	3.0000	0.1880	0.0034	0.2148	0.0000	-0.0267	0.0034	0.7028	0.0106	0.6124	0.0000	0.0903	0.0106	0.0846	0.0015	0.0876	0.0021	-0.0030	0.0006	0.1138	0.0000	-0.0293	0.0015	0.7250	0.0051	0.7857	0.0087	-0.0606	0.0042	0.9229	0.0045	0.8573	0.0000	-0.1322	0.0051	-0.0716	0.0087	0.9598	0.0027	0.0843	0.0013	0.0889	0.0016	0.2295	0.0041
stress	prob_aug_recon_fc	human	val/sensor_delay_jitter@10	3.0000	0.2121	0.0063	0.2650	0.0010	-0.0529	0.0065	0.6216	0.0224	0.4097	0.0043	0.2119	0.0231	0.0996	0.0032	0.1068	0.0046	-0.0072	0.0014	0.1679	0.0014	-0.0683	0.0021	0.6280	0.0066	0.7605	0.0040	-0.1325	0.0034	0.8258	0.0050	0.7689	0.0016	-0.1410	0.0058	-0.0085	0.0027	0.9132	0.0048	0.0679	0.0012	0.0636	0.0010	0.2541	0.0047
stress	prob_aug_recon_fc	human	val/sensor_delay_jitter@20	3.0000	0.2654	0.0021	0.3337	0.0040	-0.0683	0.0056	0.4081	0.0093	0.0640	0.0222	0.3441	0.0293	0.1371	0.0009	0.1578	0.0034	-0.0207	0.0025	0.2700	0.0058	-0.1329	0.0060	0.5079	0.0086	0.6842	0.0085	-0.1763	0.0078	0.7423	0.0105	0.6251	0.0085	-0.1172	0.0170	0.0591	0.0139	0.8583	0.0080	0.0515	0.0019	0.0362	0.0001	0.2978	0.0049
